driver_id,driver_ref,number,code,name,dob,nationality,ingestion_date,data_source,file_date
1,hamilton,44,HAM,Lewis Hamilton,1985-01-07,British,2024-10-07T11:40:52.885Z,Ergast,2021-04-18
2,heidfeld,null,HEI,Nick Heidfeld,1977-05-10,German,2024-10-07T11:40:52.885Z,Ergast,2021-04-18
3,rosberg,6,ROS,Nico Rosberg,1985-06-27,German,2024-10-07T11:40:52.885Z,Ergast,2021-04-18
4,alonso,14,ALO,Fernando Alonso,1981-07-29,Spanish,2024-10-07T11:40:52.885Z,Ergast,2021-04-18
5,kovalainen,null,KOV,Heikki Kovalainen,1981-10-19,Finnish,2024-10-07T11:40:52.885Z,Ergast,2021-04-18
6,nakajima,null,NAK,Kazuki Nakajima,1985-01-11,Japanese,2024-10-07T11:40:52.885Z,Ergast,2021-04-18
7,bourdais,null,BOU,Sébastien Bourdais,1979-02-28,French,2024-10-07T11:40:52.885Z,Ergast,2021-04-18
8,raikkonen,7,RAI,Kimi Räikkönen,1979-10-17,Finnish,2024-10-07T11:40:52.885Z,Ergast,2021-04-18
9,kubica,88,KUB,Robert Kubica,1984-12-07,Polish,2024-10-07T11:40:52.885Z,Ergast,2021-04-18
10,glock,null,GLO,Timo Glock,1982-03-18,German,2024-10-07T11:40:52.885Z,Ergast,2021-04-18
11,sato,null,SAT,Takuma Sato,1977-01-28,Japanese,2024-10-07T11:40:52.885Z,Ergast,2021-04-18
12,piquet_jr,null,PIQ,Nelson Piquet Jr.,1985-07-25,Brazilian,2024-10-07T11:40:52.885Z,Ergast,2021-04-18
13,massa,19,MAS,Felipe Massa,1981-04-25,Brazilian,2024-10-07T11:40:52.885Z,Ergast,2021-04-18
14,coulthard,null,COU,David Coulthard,1971-03-27,British,2024-10-07T11:40:52.885Z,Ergast,2021-04-18
15,trulli,null,TRU,Jarno Trulli,1974-07-13,Italian,2024-10-07T11:40:52.885Z,Ergast,2021-04-18
16,sutil,99,SUT,Adrian Sutil,1983-01-11,German,2024-10-07T11:40:52.885Z,Ergast,2021-04-18
17,webber,null,WEB,Mark Webber,1976-08-27,Australian,2024-10-07T11:40:52.885Z,Ergast,2021-04-18
18,button,22,BUT,Jenson Button,1980-01-19,British,2024-10-07T11:40:52.885Z,Ergast,2021-04-18
19,davidson,null,DAV,Anthony Davidson,1979-04-18,British,2024-10-07T11:40:52.885Z,Ergast,2021-04-18
20,vettel,5,VET,Sebastian Vettel,1987-07-03,German,2024-10-07T11:40:52.885Z,Ergast,2021-04-18
21,fisichella,null,FIS,Giancarlo Fisichella,1973-01-14,Italian,2024-10-07T11:40:52.885Z,Ergast,2021-04-18
22,barrichello,null,BAR,Rubens Barrichello,1972-05-23,Brazilian,2024-10-07T11:40:52.885Z,Ergast,2021-04-18
23,ralf_schumacher,null,SCH,Ralf Schumacher,1975-06-30,German,2024-10-07T11:40:52.885Z,Ergast,2021-04-18
24,liuzzi,null,LIU,Vitantonio Liuzzi,1980-08-06,Italian,2024-10-07T11:40:52.885Z,Ergast,2021-04-18
25,wurz,null,WUR,Alexander Wurz,1974-02-15,Austrian,2024-10-07T11:40:52.885Z,Ergast,2021-04-18
26,speed,null,SPE,Scott Speed,1983-01-24,American,2024-10-07T11:40:52.885Z,Ergast,2021-04-18
27,albers,null,ALB,Christijan Albers,1979-04-16,Dutch,2024-10-07T11:40:52.885Z,Ergast,2021-04-18
28,markus_winkelhock,null,WIN,Markus Winkelhock,1980-06-13,German,2024-10-07T11:40:52.885Z,Ergast,2021-04-18
29,yamamoto,null,YAM,Sakon Yamamoto,1982-07-09,Japanese,2024-10-07T11:40:52.885Z,Ergast,2021-04-18
30,michael_schumacher,null,MSC,Michael Schumacher,1969-01-03,German,2024-10-07T11:40:52.885Z,Ergast,2021-04-18
31,montoya,null,MON,Juan Pablo Montoya,1975-09-20,Colombian,2024-10-07T11:40:52.885Z,Ergast,2021-04-18
32,klien,null,KLI,Christian Klien,1983-02-07,Austrian,2024-10-07T11:40:52.885Z,Ergast,2021-04-18
33,monteiro,null,TMO,Tiago Monteiro,1976-07-24,Portuguese,2024-10-07T11:40:52.885Z,Ergast,2021-04-18
34,ide,null,IDE,Yuji Ide,1975-01-21,Japanese,2024-10-07T11:40:52.885Z,Ergast,2021-04-18
35,villeneuve,null,VIL,Jacques Villeneuve,1971-04-09,Canadian,2024-10-07T11:40:52.885Z,Ergast,2021-04-18
36,montagny,null,FMO,Franck Montagny,1978-01-05,French,2024-10-07T11:40:52.885Z,Ergast,2021-04-18
37,rosa,null,DLR,Pedro de la Rosa,1971-02-24,Spanish,2024-10-07T11:40:52.885Z,Ergast,2021-04-18
38,doornbos,null,DOO,Robert Doornbos,1981-09-23,Dutch,2024-10-07T11:40:52.885Z,Ergast,2021-04-18
39,karthikeyan,null,KAR,Narain Karthikeyan,1977-01-14,Indian,2024-10-07T11:40:52.885Z,Ergast,2021-04-18
40,friesacher,null,FRI,Patrick Friesacher,1980-09-26,Austrian,2024-10-07T11:40:52.885Z,Ergast,2021-04-18
41,zonta,null,ZON,Ricardo Zonta,1976-03-23,Brazilian,2024-10-07T11:40:52.885Z,Ergast,2021-04-18
42,pizzonia,null,PIZ,Antônio Pizzonia,1980-09-11,Brazilian,2024-10-07T11:40:52.885Z,Ergast,2021-04-18
43,matta,null,\N,Cristiano da Matta,1973-09-19,Brazilian,2024-10-07T11:40:52.885Z,Ergast,2021-04-18
44,panis,null,\N,Olivier Panis,1966-09-02,French,2024-10-07T11:40:52.885Z,Ergast,2021-04-18
45,pantano,null,\N,Giorgio Pantano,1979-02-04,Italian,2024-10-07T11:40:52.885Z,Ergast,2021-04-18
46,bruni,null,\N,Gianmaria Bruni,1981-05-30,Italian,2024-10-07T11:40:52.885Z,Ergast,2021-04-18
47,baumgartner,null,\N,Zsolt Baumgartner,1981-01-01,Hungarian,2024-10-07T11:40:52.885Z,Ergast,2021-04-18
48,gene,null,\N,Marc Gené,1974-03-29,Spanish,2024-10-07T11:40:52.885Z,Ergast,2021-04-18
49,frentzen,null,\N,Heinz-Harald Frentzen,1967-05-18,German,2024-10-07T11:40:52.885Z,Ergast,2021-04-18
50,verstappen,null,\N,Jos Verstappen,1972-03-04,Dutch,2024-10-07T11:40:52.885Z,Ergast,2021-04-18
51,wilson,null,\N,Justin Wilson,1978-07-31,British,2024-10-07T11:40:52.885Z,Ergast,2021-04-18
52,firman,null,\N,Ralph Firman,1975-05-20,Irish,2024-10-07T11:40:52.885Z,Ergast,2021-04-18
53,kiesa,null,\N,Nicolas Kiesa,1978-03-03,Danish,2024-10-07T11:40:52.885Z,Ergast,2021-04-18
54,burti,null,\N,Luciano Burti,1975-03-05,Brazilian,2024-10-07T11:40:52.885Z,Ergast,2021-04-18
55,alesi,null,\N,Jean Alesi,1964-06-11,French,2024-10-07T11:40:52.885Z,Ergast,2021-04-18
56,irvine,null,\N,Eddie Irvine,1965-11-10,British,2024-10-07T11:40:52.885Z,Ergast,2021-04-18
57,hakkinen,null,\N,Mika Häkkinen,1968-09-28,Finnish,2024-10-07T11:40:52.885Z,Ergast,2021-04-18
58,marques,null,\N,Tarso Marques,1976-01-19,Brazilian,2024-10-07T11:40:52.885Z,Ergast,2021-04-18
59,bernoldi,null,\N,Enrique Bernoldi,1978-10-19,Brazilian,2024-10-07T11:40:52.885Z,Ergast,2021-04-18
60,mazzacane,null,\N,Gastón Mazzacane,1975-05-08,Argentine,2024-10-07T11:40:52.885Z,Ergast,2021-04-18
61,enge,null,\N,Tomáš Enge,1976-09-11,Czech,2024-10-07T11:40:52.885Z,Ergast,2021-04-18
62,yoong,null,\N,Alex Yoong,1976-07-20,Malaysian,2024-10-07T11:40:52.885Z,Ergast,2021-04-18
63,salo,null,\N,Mika Salo,1966-11-30,Finnish,2024-10-07T11:40:52.885Z,Ergast,2021-04-18
64,diniz,null,\N,Pedro Diniz,1970-05-22,Brazilian,2024-10-07T11:40:52.885Z,Ergast,2021-04-18
65,herbert,null,\N,Johnny Herbert,1964-06-25,British,2024-10-07T11:40:52.885Z,Ergast,2021-04-18
66,mcnish,null,\N,Allan McNish,1969-12-29,British,2024-10-07T11:40:52.885Z,Ergast,2021-04-18
67,buemi,null,BUE,Sébastien Buemi,1988-10-31,Swiss,2024-10-07T11:40:52.885Z,Ergast,2021-04-18
68,takagi,null,\N,Toranosuke Takagi,1974-02-12,Japanese,2024-10-07T11:40:52.885Z,Ergast,2021-04-18
69,badoer,null,BAD,Luca Badoer,1971-01-25,Italian,2024-10-07T11:40:52.885Z,Ergast,2021-04-18
70,zanardi,null,\N,Alessandro Zanardi,1966-10-23,Italian,2024-10-07T11:40:52.885Z,Ergast,2021-04-18
71,damon_hill,null,\N,Damon Hill,1960-09-17,British,2024-10-07T11:40:52.885Z,Ergast,2021-04-18
72,sarrazin,null,\N,Stéphane Sarrazin,1975-11-02,French,2024-10-07T11:40:52.885Z,Ergast,2021-04-18
73,rosset,null,\N,Ricardo Rosset,1968-07-27,Brazilian,2024-10-07T11:40:52.885Z,Ergast,2021-04-18
74,tuero,null,\N,Esteban Tuero,1978-04-22,Argentine,2024-10-07T11:40:52.885Z,Ergast,2021-04-18
75,nakano,null,\N,Shinji Nakano,1971-04-01,Japanese,2024-10-07T11:40:52.885Z,Ergast,2021-04-18
76,magnussen,null,MAG,Jan Magnussen,1973-07-04,Danish,2024-10-07T11:40:52.885Z,Ergast,2021-04-18
77,berger,null,\N,Gerhard Berger,1959-08-27,Austrian,2024-10-07T11:40:52.885Z,Ergast,2021-04-18
78,larini,null,\N,Nicola Larini,1964-03-19,Italian,2024-10-07T11:40:52.885Z,Ergast,2021-04-18
79,katayama,null,\N,Ukyo Katayama,1963-05-29,Japanese,2024-10-07T11:40:52.885Z,Ergast,2021-04-18
80,sospiri,null,\N,Vincenzo Sospiri,1966-10-07,Italian,2024-10-07T11:40:52.885Z,Ergast,2021-04-18
81,morbidelli,null,\N,Gianni Morbidelli,1968-01-13,Italian,2024-10-07T11:40:52.885Z,Ergast,2021-04-18
82,fontana,null,\N,Norberto Fontana,1975-01-20,Argentine,2024-10-07T11:40:52.885Z,Ergast,2021-04-18
83,lamy,null,\N,Pedro Lamy,1972-03-20,Portuguese,2024-10-07T11:40:52.885Z,Ergast,2021-04-18
84,brundle,null,\N,Martin Brundle,1959-06-01,British,2024-10-07T11:40:52.885Z,Ergast,2021-04-18
85,montermini,null,\N,Andrea Montermini,1964-05-30,Italian,2024-10-07T11:40:52.885Z,Ergast,2021-04-18
86,lavaggi,null,\N,Giovanni Lavaggi,1958-02-18,Italian,2024-10-07T11:40:52.885Z,Ergast,2021-04-18
87,blundell,null,\N,Mark Blundell,1966-04-08,British,2024-10-07T11:40:52.885Z,Ergast,2021-04-18
88,suzuki,null,\N,Aguri Suzuki,1960-09-08,Japanese,2024-10-07T11:40:52.885Z,Ergast,2021-04-18
89,inoue,null,\N,Taki Inoue,1963-09-05,Japanese,2024-10-07T11:40:52.885Z,Ergast,2021-04-18
90,moreno,null,\N,Roberto Moreno,1959-02-11,Brazilian,2024-10-07T11:40:52.885Z,Ergast,2021-04-18
91,wendlinger,null,\N,Karl Wendlinger,1968-12-20,Austrian,2024-10-07T11:40:52.885Z,Ergast,2021-04-18
92,gachot,null,\N,Bertrand Gachot,1962-12-23,Belgian,2024-10-07T11:40:52.885Z,Ergast,2021-04-18
93,schiattarella,null,\N,Domenico Schiattarella,1967-11-17,Italian,2024-10-07T11:40:52.885Z,Ergast,2021-04-18
94,martini,null,\N,Pierluigi Martini,1961-04-23,Italian,2024-10-07T11:40:52.885Z,Ergast,2021-04-18
95,mansell,null,\N,Nigel Mansell,1953-08-08,British,2024-10-07T11:40:52.885Z,Ergast,2021-04-18
96,boullion,null,\N,Jean-Christophe Boullion,1969-12-27,French,2024-10-07T11:40:52.885Z,Ergast,2021-04-18
97,papis,null,\N,Massimiliano Papis,1969-10-03,Italian,2024-10-07T11:40:52.885Z,Ergast,2021-04-18
98,deletraz,null,\N,Jean-Denis Délétraz,1963-10-01,Swiss,2024-10-07T11:40:52.885Z,Ergast,2021-04-18
99,tarquini,null,\N,Gabriele Tarquini,1962-03-02,Italian,2024-10-07T11:40:52.885Z,Ergast,2021-04-18
100,comas,null,\N,Érik Comas,1963-09-28,French,2024-10-07T11:40:52.885Z,Ergast,2021-04-18
101,brabham,null,\N,David Brabham,1965-09-05,Australian,2024-10-07T11:40:52.885Z,Ergast,2021-04-18
102,senna,null,\N,Ayrton Senna,1960-03-21,Brazilian,2024-10-07T11:40:52.885Z,Ergast,2021-04-18
103,bernard,null,\N,Éric Bernard,1964-08-24,French,2024-10-07T11:40:52.885Z,Ergast,2021-04-18
104,fittipaldi,null,\N,Christian Fittipaldi,1971-01-18,Brazilian,2024-10-07T11:40:52.885Z,Ergast,2021-04-18
105,alboreto,null,\N,Michele Alboreto,1956-12-23,Italian,2024-10-07T11:40:52.885Z,Ergast,2021-04-18
106,beretta,null,\N,Olivier Beretta,1969-11-23,Monegasque,2024-10-07T11:40:52.885Z,Ergast,2021-04-18
107,ratzenberger,null,\N,Roland Ratzenberger,1960-07-04,Austrian,2024-10-07T11:40:52.885Z,Ergast,2021-04-18
108,belmondo,null,\N,Paul Belmondo,1963-04-23,French,2024-10-07T11:40:52.885Z,Ergast,2021-04-18
109,lehto,null,\N,Jyrki Järvilehto,1966-01-31,Finnish,2024-10-07T11:40:52.885Z,Ergast,2021-04-18
110,cesaris,null,\N,Andrea de Cesaris,1959-05-31,Italian,2024-10-07T11:40:52.885Z,Ergast,2021-04-18
111,gounon,null,\N,Jean-Marc Gounon,1963-01-01,French,2024-10-07T11:40:52.885Z,Ergast,2021-04-18
112,alliot,null,\N,Philippe Alliot,1954-07-27,French,2024-10-07T11:40:52.885Z,Ergast,2021-04-18
113,adams,null,\N,Philippe Adams,1969-11-19,Belgian,2024-10-07T11:40:52.885Z,Ergast,2021-04-18
114,dalmas,null,\N,Yannick Dalmas,1961-07-28,French,2024-10-07T11:40:52.885Z,Ergast,2021-04-18
115,noda,null,\N,Hideki Noda,1969-03-07,Japanese,2024-10-07T11:40:52.885Z,Ergast,2021-04-18
116,lagorce,null,\N,Franck Lagorce,1968-09-01,French,2024-10-07T11:40:52.885Z,Ergast,2021-04-18
117,prost,null,\N,Alain Prost,1955-02-24,French,2024-10-07T11:40:52.885Z,Ergast,2021-04-18
118,warwick,null,\N,Derek Warwick,1954-08-27,British,2024-10-07T11:40:52.885Z,Ergast,2021-04-18
119,patrese,null,\N,Riccardo Patrese,1954-04-17,Italian,2024-10-07T11:40:52.885Z,Ergast,2021-04-18
120,barbazza,null,\N,Fabrizio Barbazza,1963-04-02,Italian,2024-10-07T11:40:52.885Z,Ergast,2021-04-18
121,andretti,null,\N,Michael Andretti,1962-10-05,American,2024-10-07T11:40:52.885Z,Ergast,2021-04-18
122,capelli,null,\N,Ivan Capelli,1963-05-24,Italian,2024-10-07T11:40:52.885Z,Ergast,2021-04-18
123,boutsen,null,\N,Thierry Boutsen,1957-07-13,Belgian,2024-10-07T11:40:52.885Z,Ergast,2021-04-18
124,apicella,null,\N,Marco Apicella,1965-10-07,Italian,2024-10-07T11:40:52.885Z,Ergast,2021-04-18
125,naspetti,null,\N,Emanuele Naspetti,1968-02-24,Italian,2024-10-07T11:40:52.885Z,Ergast,2021-04-18
126,toshio_suzuki,null,\N,Toshio Suzuki,1955-03-10,Japanese,2024-10-07T11:40:52.885Z,Ergast,2021-04-18
127,gugelmin,null,\N,Maurício Gugelmin,1963-04-20,Brazilian,2024-10-07T11:40:52.885Z,Ergast,2021-04-18
128,poele,null,\N,Eric van de Poele,1961-09-30,Belgian,2024-10-07T11:40:52.885Z,Ergast,2021-04-18
129,grouillard,null,\N,Olivier Grouillard,1958-09-02,French,2024-10-07T11:40:52.885Z,Ergast,2021-04-18
130,chiesa,null,\N,Andrea Chiesa,1964-05-06,Swiss,2024-10-07T11:40:52.885Z,Ergast,2021-04-18
131,modena,null,\N,Stefano Modena,1963-05-12,Italian,2024-10-07T11:40:52.885Z,Ergast,2021-04-18
132,amati,null,\N,Giovanna Amati,1959-07-20,Italian,2024-10-07T11:40:52.885Z,Ergast,2021-04-18
133,caffi,null,\N,Alex Caffi,1964-03-18,Italian,2024-10-07T11:40:52.885Z,Ergast,2021-04-18
134,bertaggia,null,\N,Enrico Bertaggia,1964-09-19,Italian,2024-10-07T11:40:52.885Z,Ergast,2021-04-18
135,mccarthy,null,\N,Perry McCarthy,1961-03-03,British,2024-10-07T11:40:52.885Z,Ergast,2021-04-18
136,lammers,null,\N,Jan Lammers,1956-06-02,Dutch,2024-10-07T11:40:52.885Z,Ergast,2021-04-18
137,piquet,null,\N,Nelson Piquet,1952-08-17,Brazilian,2024-10-07T11:40:52.885Z,Ergast,2021-04-18
138,satoru_nakajima,null,\N,Satoru Nakajima,1953-02-23,Japanese,2024-10-07T11:40:52.885Z,Ergast,2021-04-18
139,pirro,null,\N,Emanuele Pirro,1962-01-12,Italian,2024-10-07T11:40:52.885Z,Ergast,2021-04-18
140,johansson,null,\N,Stefan Johansson,1956-09-08,Swedish,2024-10-07T11:40:52.885Z,Ergast,2021-04-18
141,bailey,null,\N,Julian Bailey,1961-10-09,British,2024-10-07T11:40:52.885Z,Ergast,2021-04-18
142,chaves,null,\N,Pedro Chaves,1965-02-27,Portuguese,2024-10-07T11:40:52.885Z,Ergast,2021-04-18
143,bartels,null,\N,Michael Bartels,1968-03-08,German,2024-10-07T11:40:52.885Z,Ergast,2021-04-18
144,hattori,null,\N,Naoki Hattori,1966-06-13,Japanese,2024-10-07T11:40:52.885Z,Ergast,2021-04-18
145,nannini,null,\N,Alessandro Nannini,1959-07-07,Italian,2024-10-07T11:40:52.885Z,Ergast,2021-04-18
146,schneider,null,\N,Bernd Schneider,1964-07-20,German,2024-10-07T11:40:52.885Z,Ergast,2021-04-18
147,barilla,null,\N,Paolo Barilla,1961-04-20,Italian,2024-10-07T11:40:52.885Z,Ergast,2021-04-18
148,foitek,null,\N,Gregor Foitek,1965-03-27,Swiss,2024-10-07T11:40:52.885Z,Ergast,2021-04-18
149,langes,null,\N,Claudio Langes,1960-07-20,Italian,2024-10-07T11:40:52.885Z,Ergast,2021-04-18
150,gary_brabham,null,\N,Gary Brabham,1961-03-29,Australian,2024-10-07T11:40:52.885Z,Ergast,2021-04-18
151,donnelly,null,\N,Martin Donnelly,1964-03-26,British,2024-10-07T11:40:52.885Z,Ergast,2021-04-18
152,giacomelli,null,\N,Bruno Giacomelli,1952-09-10,Italian,2024-10-07T11:40:52.885Z,Ergast,2021-04-18
153,alguersuari,null,ALG,Jaime Alguersuari,1990-03-23,Spanish,2024-10-07T11:40:52.885Z,Ergast,2021-04-18
154,grosjean,8,GRO,Romain Grosjean,1986-04-17,French,2024-10-07T11:40:52.885Z,Ergast,2021-04-18
155,kobayashi,10,KOB,Kamui Kobayashi,1986-09-13,Japanese,2024-10-07T11:40:52.885Z,Ergast,2021-04-18
156,palmer,null,\N,Jonathan Palmer,1956-11-07,British,2024-10-07T11:40:52.885Z,Ergast,2021-04-18
157,danner,null,\N,Christian Danner,1958-04-04,German,2024-10-07T11:40:52.885Z,Ergast,2021-04-18
158,cheever,null,\N,Eddie Cheever,1958-01-10,American,2024-10-07T11:40:52.885Z,Ergast,2021-04-18
159,sala,null,\N,Luis Pérez-Sala,1959-05-15,Spanish,2024-10-07T11:40:52.885Z,Ergast,2021-04-18
160,ghinzani,null,\N,Piercarlo Ghinzani,1952-01-16,Italian,2024-10-07T11:40:52.885Z,Ergast,2021-04-18
161,weidler,null,\N,Volker Weidler,1962-03-18,German,2024-10-07T11:40:52.885Z,Ergast,2021-04-18
162,raphanel,null,\N,Pierre-Henri Raphanel,1961-05-27,French,2024-10-07T11:40:52.885Z,Ergast,2021-04-18
163,arnoux,null,\N,René Arnoux,1948-07-04,French,2024-10-07T11:40:52.885Z,Ergast,2021-04-18
164,joachim_winkelhock,null,\N,Joachim Winkelhock,1960-10-24,German,2024-10-07T11:40:52.885Z,Ergast,2021-04-18
165,larrauri,null,\N,Oscar Larrauri,1954-08-19,Argentine,2024-10-07T11:40:52.885Z,Ergast,2021-04-18
166,streiff,null,\N,Philippe Streiff,1955-06-26,French,2024-10-07T11:40:52.885Z,Ergast,2021-04-18
167,campos,null,\N,Adrián Campos,1960-06-17,Spanish,2024-10-07T11:40:52.885Z,Ergast,2021-04-18
168,schlesser,null,\N,Jean-Louis Schlesser,1948-09-12,French,2024-10-07T11:40:52.885Z,Ergast,2021-04-18
169,fabre,null,\N,Pascal Fabre,1960-01-09,French,2024-10-07T11:40:52.885Z,Ergast,2021-04-18
170,fabi,null,\N,Teo Fabi,1955-03-09,Italian,2024-10-07T11:40:52.885Z,Ergast,2021-04-18
171,forini,null,\N,Franco Forini,1958-09-22,Swiss,2024-10-07T11:40:52.885Z,Ergast,2021-04-18
172,laffite,null,\N,Jacques Laffite,1943-11-21,French,2024-10-07T11:40:52.885Z,Ergast,2021-04-18
173,angelis,null,\N,Elio de Angelis,1958-03-26,Italian,2024-10-07T11:40:52.885Z,Ergast,2021-04-18
174,dumfries,null,\N,Johnny Dumfries,1958-04-26,British,2024-10-07T11:40:52.885Z,Ergast,2021-04-18
175,tambay,null,\N,Patrick Tambay,1949-06-25,French,2024-10-07T11:40:52.885Z,Ergast,2021-04-18
176,surer,null,\N,Marc Surer,1951-09-18,Swiss,2024-10-07T11:40:52.885Z,Ergast,2021-04-18
177,keke_rosberg,null,\N,Keke Rosberg,1948-12-06,Finnish,2024-10-07T11:40:52.885Z,Ergast,2021-04-18
178,jones,null,\N,Alan Jones,1946-11-02,Australian,2024-10-07T11:40:52.885Z,Ergast,2021-04-18
179,rothengatter,null,\N,Huub Rothengatter,1954-10-08,Dutch,2024-10-07T11:40:52.885Z,Ergast,2021-04-18
180,berg,null,\N,Allen Berg,1961-08-01,Canadian,2024-10-07T11:40:52.885Z,Ergast,2021-04-18
181,manfred_winkelhock,null,\N,Manfred Winkelhock,1951-10-06,German,2024-10-07T11:40:52.885Z,Ergast,2021-04-18
182,lauda,null,\N,Niki Lauda,1949-02-22,Austrian,2024-10-07T11:40:52.885Z,Ergast,2021-04-18
183,hesnault,null,\N,François Hesnault,1956-12-30,French,2024-10-07T11:40:52.885Z,Ergast,2021-04-18
184,baldi,null,\N,Mauro Baldi,1954-01-31,Italian,2024-10-07T11:40:52.885Z,Ergast,2021-04-18
185,bellof,null,\N,Stefan Bellof,1957-11-20,German,2024-10-07T11:40:52.885Z,Ergast,2021-04-18
186,acheson,null,\N,Kenny Acheson,1957-11-27,British,2024-10-07T11:40:52.885Z,Ergast,2021-04-18
187,watson,null,\N,John Watson,1946-05-04,British,2024-10-07T11:40:52.885Z,Ergast,2021-04-18
188,cecotto,null,\N,Johnny Cecotto,1956-01-25,Venezuelan,2024-10-07T11:40:52.885Z,Ergast,2021-04-18
189,gartner,null,\N,Jo Gartner,1954-01-24,Austrian,2024-10-07T11:40:52.885Z,Ergast,2021-04-18
190,corrado_fabi,null,\N,Corrado Fabi,1961-04-12,Italian,2024-10-07T11:40:52.885Z,Ergast,2021-04-18
191,thackwell,null,\N,Mike Thackwell,1961-03-30,New Zealander,2024-10-07T11:40:52.885Z,Ergast,2021-04-18
192,serra,null,\N,Chico Serra,1957-02-03,Brazilian,2024-10-07T11:40:52.885Z,Ergast,2021-04-18
193,sullivan,null,\N,Danny Sullivan,1950-03-09,American,2024-10-07T11:40:52.885Z,Ergast,2021-04-18
194,salazar,null,\N,Eliseo Salazar,1954-11-14,Chilean,2024-10-07T11:40:52.885Z,Ergast,2021-04-18
195,guerrero,null,\N,Roberto Guerrero,1958-11-16,Colombian,2024-10-07T11:40:52.885Z,Ergast,2021-04-18
196,boesel,null,\N,Raul Boesel,1957-12-04,Brazilian,2024-10-07T11:40:52.885Z,Ergast,2021-04-18
197,jarier,null,\N,Jean-Pierre Jarier,1946-07-10,French,2024-10-07T11:40:52.885Z,Ergast,2021-04-18
198,villeneuve_sr,null,\N,Jacques Villeneuve Sr.,1953-11-04,Canadian,2024-10-07T11:40:52.885Z,Ergast,2021-04-18
199,reutemann,null,\N,Carlos Reutemann,1942-04-12,Argentine,2024-10-07T11:40:52.885Z,Ergast,2021-04-18
200,mass,null,\N,Jochen Mass,1946-09-30,German,2024-10-07T11:40:52.885Z,Ergast,2021-04-18
201,borgudd,null,\N,Slim Borgudd,1946-11-25,Swedish,2024-10-07T11:40:52.885Z,Ergast,2021-04-18
202,pironi,null,\N,Didier Pironi,1952-03-26,French,2024-10-07T11:40:52.885Z,Ergast,2021-04-18
203,gilles_villeneuve,null,\N,Gilles Villeneuve,1950-01-18,Canadian,2024-10-07T11:40:52.885Z,Ergast,2021-04-18
204,paletti,null,\N,Riccardo Paletti,1958-06-15,Italian,2024-10-07T11:40:52.885Z,Ergast,2021-04-18
205,henton,null,\N,Brian Henton,1946-09-19,British,2024-10-07T11:40:52.885Z,Ergast,2021-04-18
206,daly,null,\N,Derek Daly,1953-03-11,Irish,2024-10-07T11:40:52.885Z,Ergast,2021-04-18
207,mario_andretti,null,\N,Mario Andretti,1940-02-28,American,2024-10-07T11:40:52.885Z,Ergast,2021-04-18
208,villota,null,\N,Emilio de Villota,1946-07-26,Spanish,2024-10-07T11:40:52.885Z,Ergast,2021-04-18
209,lees,null,\N,Geoff Lees,1951-05-01,British,2024-10-07T11:40:52.885Z,Ergast,2021-04-18
210,byrne,null,\N,Tommy Byrne,1958-05-06,Irish,2024-10-07T11:40:52.885Z,Ergast,2021-04-18
211,keegan,null,\N,Rupert Keegan,1955-02-26,British,2024-10-07T11:40:52.885Z,Ergast,2021-04-18
212,rebaque,null,\N,Hector Rebaque,1956-02-05,Mexican,2024-10-07T11:40:52.885Z,Ergast,2021-04-18
213,gabbiani,null,\N,Beppe Gabbiani,1957-01-02,Italian,2024-10-07T11:40:52.885Z,Ergast,2021-04-18
214,cogan,null,\N,Kevin Cogan,1956-03-31,American,2024-10-07T11:40:52.885Z,Ergast,2021-04-18
215,guerra,null,\N,Miguel Ángel Guerra,1953-08-31,Argentine,2024-10-07T11:40:52.885Z,Ergast,2021-04-18
216,stohr,null,\N,Siegfried Stohr,1952-10-10,Italian,2024-10-07T11:40:52.885Z,Ergast,2021-04-18
217,zunino,null,\N,Ricardo Zunino,1949-04-13,Argentine,2024-10-07T11:40:52.885Z,Ergast,2021-04-18
218,londono,null,\N,Ricardo Londoño,1949-08-08,Colombian,2024-10-07T11:40:52.885Z,Ergast,2021-04-18
219,jabouille,null,\N,Jean-Pierre Jabouille,1942-10-01,French,2024-10-07T11:40:52.885Z,Ergast,2021-04-18
220,francia,null,\N,Giorgio Francia,1947-11-08,Italian,2024-10-07T11:40:52.885Z,Ergast,2021-04-18
221,depailler,null,\N,Patrick Depailler,1944-08-09,French,2024-10-07T11:40:52.885Z,Ergast,2021-04-18
222,scheckter,null,\N,Jody Scheckter,1950-01-29,South African,2024-10-07T11:40:52.885Z,Ergast,2021-04-18
223,regazzoni,null,\N,Clay Regazzoni,1939-09-05,Swiss,2024-10-07T11:40:52.885Z,Ergast,2021-04-18
224,emerson_fittipaldi,null,\N,Emerson Fittipaldi,1946-12-12,Brazilian,2024-10-07T11:40:52.885Z,Ergast,2021-04-18
225,kennedy,null,\N,Dave Kennedy,1953-01-15,Irish,2024-10-07T11:40:52.885Z,Ergast,2021-04-18
226,south,null,\N,Stephen South,1952-02-19,British,2024-10-07T11:40:52.885Z,Ergast,2021-04-18
227,needell,null,\N,Tiff Needell,1951-10-29,British,2024-10-07T11:40:52.885Z,Ergast,2021-04-18
228,desire_wilson,null,\N,Desiré Wilson,1953-11-26,South African,2024-10-07T11:40:52.885Z,Ergast,2021-04-18
229,ertl,null,\N,Harald Ertl,1948-08-31,Austrian,2024-10-07T11:40:52.885Z,Ergast,2021-04-18
230,brambilla,null,\N,Vittorio Brambilla,1937-11-11,Italian,2024-10-07T11:40:52.885Z,Ergast,2021-04-18
231,hunt,null,\N,James Hunt,1947-08-29,British,2024-10-07T11:40:52.885Z,Ergast,2021-04-18
232,merzario,null,\N,Arturo Merzario,1943-03-11,Italian,2024-10-07T11:40:52.885Z,Ergast,2021-04-18
233,stuck,null,\N,Hans-Joachim Stuck,1951-01-01,German,2024-10-07T11:40:52.885Z,Ergast,2021-04-18
234,brancatelli,null,\N,Gianfranco Brancatelli,1950-01-18,Italian,2024-10-07T11:40:52.885Z,Ergast,2021-04-18
235,ickx,null,\N,Jacky Ickx,1945-01-01,Belgian,2024-10-07T11:40:52.885Z,Ergast,2021-04-18
236,gaillard,null,\N,Patrick Gaillard,1952-02-12,French,2024-10-07T11:40:52.885Z,Ergast,2021-04-18
237,ribeiro,null,\N,Alex Ribeiro,1948-11-07,Brazilian,2024-10-07T11:40:52.885Z,Ergast,2021-04-18
238,peterson,null,\N,Ronnie Peterson,1944-02-14,Swedish,2024-10-07T11:40:52.885Z,Ergast,2021-04-18
239,lunger,null,\N,Brett Lunger,1945-11-14,American,2024-10-07T11:40:52.885Z,Ergast,2021-04-18
240,ongais,null,\N,Danny Ongais,1942-05-21,American,2024-10-07T11:40:52.885Z,Ergast,2021-04-18
241,leoni,null,\N,Lamberto Leoni,1953-05-24,Italian,2024-10-07T11:40:52.885Z,Ergast,2021-04-18
242,galica,null,\N,Divina Galica,1944-08-13,British,2024-10-07T11:40:52.885Z,Ergast,2021-04-18
243,stommelen,null,\N,Rolf Stommelen,1943-07-11,German,2024-10-07T11:40:52.885Z,Ergast,2021-04-18
244,colombo,null,\N,Alberto Colombo,1946-02-23,Italian,2024-10-07T11:40:52.885Z,Ergast,2021-04-18
245,trimmer,null,\N,Tony Trimmer,1943-01-24,British,2024-10-07T11:40:52.885Z,Ergast,2021-04-18
246,binder,null,\N,Hans Binder,1948-06-12,Austrian,2024-10-07T11:40:52.885Z,Ergast,2021-04-18
247,bleekemolen,null,\N,Michael Bleekemolen,1949-10-02,Dutch,2024-10-07T11:40:52.885Z,Ergast,2021-04-18
248,gimax,null,\N,Carlo Franchi,1938-01-01,Italian,2024-10-07T11:40:52.885Z,Ergast,2021-04-18
249,rahal,null,\N,Bobby Rahal,1953-01-10,American,2024-10-07T11:40:52.885Z,Ergast,2021-04-18
250,pace,null,\N,Carlos Pace,1944-10-06,Brazilian,2024-10-07T11:40:52.885Z,Ergast,2021-04-18
251,ian_scheckter,null,\N,Ian Scheckter,1947-08-22,South African,2024-10-07T11:40:52.885Z,Ergast,2021-04-18
252,pryce,null,\N,Tom Pryce,1949-06-11,British,2024-10-07T11:40:52.885Z,Ergast,2021-04-18
253,hoffmann,null,\N,Ingo Hoffmann,1953-02-28,Brazilian,2024-10-07T11:40:52.885Z,Ergast,2021-04-18
254,zorzi,null,\N,Renzo Zorzi,1946-12-12,Italian,2024-10-07T11:40:52.885Z,Ergast,2021-04-18
255,nilsson,null,\N,Gunnar Nilsson,1948-11-20,Swedish,2024-10-07T11:40:52.885Z,Ergast,2021-04-18
256,perkins,null,\N,Larry Perkins,1950-03-18,Australian,2024-10-07T11:40:52.885Z,Ergast,2021-04-18
257,hayje,null,\N,Boy Lunger,1949-05-03,Dutch,2024-10-07T11:40:52.885Z,Ergast,2021-04-18
258,neve,null,\N,Patrick Nève,1949-10-13,Belgian,2024-10-07T11:40:52.885Z,Ergast,2021-04-18
259,purley,null,\N,David Purley,1945-01-26,British,2024-10-07T11:40:52.885Z,Ergast,2021-04-18
260,andersson,null,\N,Conny Andersson,1939-12-28,Swedish,2024-10-07T11:40:52.885Z,Ergast,2021-04-18
261,dryver,null,\N,Bernard de Dryver,1952-09-19,Belgian,2024-10-07T11:40:52.885Z,Ergast,2021-04-18
262,oliver,null,\N,Jackie Oliver,1942-08-14,British,2024-10-07T11:40:52.885Z,Ergast,2021-04-18
263,kozarowitzky,null,\N,Mikko Kozarowitzky,1948-05-17,Finnish,2024-10-07T11:40:52.885Z,Ergast,2021-04-18
264,sutcliffe,null,\N,Andy Sutcliffe,1947-05-09,British,2024-10-07T11:40:52.885Z,Ergast,2021-04-18
265,edwards,null,\N,Guy Edwards,1942-12-30,British,2024-10-07T11:40:52.885Z,Ergast,2021-04-18
266,mcguire,null,\N,Brian McGuire,1945-12-13,Australian,2024-10-07T11:40:52.885Z,Ergast,2021-04-18
267,schuppan,null,\N,Vern Schuppan,1943-03-19,Australian,2024-10-07T11:40:52.885Z,Ergast,2021-04-18
268,heyer,null,\N,Hans Heyer,1943-03-16,German,2024-10-07T11:40:52.885Z,Ergast,2021-04-18
269,pilette,null,\N,Teddy Pilette,1942-07-26,Belgian,2024-10-07T11:40:52.885Z,Ergast,2021-04-18
270,ashley,null,\N,Ian Ashley,1947-10-26,British,2024-10-07T11:40:52.885Z,Ergast,2021-04-18
271,kessel,null,\N,Loris Kessel,1950-04-01,Swiss,2024-10-07T11:40:52.885Z,Ergast,2021-04-18
272,takahashi,null,\N,Kunimitsu Takahashi,1940-01-29,Japanese,2024-10-07T11:40:52.885Z,Ergast,2021-04-18
273,hoshino,null,\N,Kazuyoshi Hoshino,1947-07-01,Japanese,2024-10-07T11:40:52.885Z,Ergast,2021-04-18
274,takahara,null,\N,Noritake Takahara,1951-06-06,Japanese,2024-10-07T11:40:52.885Z,Ergast,2021-04-18
275,lombardi,null,\N,Lella Lombardi,1941-03-26,Italian,2024-10-07T11:40:52.885Z,Ergast,2021-04-18
276,evans,null,\N,Bob Evans,1947-06-11,British,2024-10-07T11:40:52.885Z,Ergast,2021-04-18
277,leclere,null,\N,Michel Leclère,1946-03-18,French,2024-10-07T11:40:52.885Z,Ergast,2021-04-18
278,amon,null,\N,Chris Amon,1943-07-20,New Zealander,2024-10-07T11:40:52.885Z,Ergast,2021-04-18
279,zapico,null,\N,Emilio Zapico,1944-05-27,Spanish,2024-10-07T11:40:52.885Z,Ergast,2021-04-18
280,pescarolo,null,\N,Henri Pescarolo,1942-09-25,French,2024-10-07T11:40:52.885Z,Ergast,2021-04-18
281,nelleman,null,\N,Jac Nelleman,1944-04-19,Danish,2024-10-07T11:40:52.885Z,Ergast,2021-04-18
282,magee,null,\N,Damien Magee,1945-11-17,British,2024-10-07T11:40:52.885Z,Ergast,2021-04-18
283,wilds,null,\N,Mike Wilds,1946-01-07,British,2024-10-07T11:40:52.885Z,Ergast,2021-04-18
284,pesenti_rossi,null,\N,Alessandro Pesenti-Rossi,1942-08-31,Italian,2024-10-07T11:40:52.885Z,Ergast,2021-04-18
285,stuppacher,null,\N,Otto Stuppacher,1947-03-03,Austrian,2024-10-07T11:40:52.885Z,Ergast,2021-04-18
286,brown,null,\N,Warwick Brown,1949-12-24,Australian,2024-10-07T11:40:52.885Z,Ergast,2021-04-18
287,hasemi,null,\N,Masahiro Hasemi,1945-11-13,Japanese,2024-10-07T11:40:52.885Z,Ergast,2021-04-18
288,donohue,null,\N,Mark Donohue,1937-03-18,American,2024-10-07T11:40:52.885Z,Ergast,2021-04-18
289,hill,null,\N,Graham Hill,1929-02-15,British,2024-10-07T11:40:52.885Z,Ergast,2021-04-18
290,wilson_fittipaldi,null,\N,Wilson Fittipaldi,1943-12-25,Brazilian,2024-10-07T11:40:52.885Z,Ergast,2021-04-18
291,tunmer,null,\N,Guy Tunmer,1948-12-01,South African,2024-10-07T11:40:52.885Z,Ergast,2021-04-18
292,keizan,null,\N,Eddie Keizan,1944-09-12,South African,2024-10-07T11:40:52.885Z,Ergast,2021-04-18
293,charlton,null,\N,Dave Charlton,1936-10-27,South African,2024-10-07T11:40:52.885Z,Ergast,2021-04-18
294,brise,null,\N,Tony Brise,1952-03-28,British,2024-10-07T11:40:52.885Z,Ergast,2021-04-18
295,wunderink,null,\N,Roelof Wunderink,1948-12-12,Dutch,2024-10-07T11:40:52.885Z,Ergast,2021-04-18
296,migault,null,\N,François Migault,1944-12-04,French,2024-10-07T11:40:52.885Z,Ergast,2021-04-18
297,palm,null,\N,Torsten Palm,1947-07-23,Swedish,2024-10-07T11:40:52.885Z,Ergast,2021-04-18
298,lennep,null,\N,Gijs van Lennep,1942-03-16,Dutch,2024-10-07T11:40:52.885Z,Ergast,2021-04-18
299,fushida,null,\N,Hiroshi Fushida,1946-03-10,Japanese,2024-10-07T11:40:52.885Z,Ergast,2021-04-18
300,nicholson,null,\N,John Nicholson,1941-10-06,New Zealander,2024-10-07T11:40:52.885Z,Ergast,2021-04-18
301,morgan,null,\N,Dave Morgan,1944-08-07,British,2024-10-07T11:40:52.885Z,Ergast,2021-04-18
302,crawford,null,\N,Jim Crawford,1948-02-13,British,2024-10-07T11:40:52.885Z,Ergast,2021-04-18
303,vonlanthen,null,\N,Jo Vonlanthen,1942-05-31,Swiss,2024-10-07T11:40:52.885Z,Ergast,2021-04-18
304,hulme,null,\N,Denny Hulme,1936-06-18,New Zealander,2024-10-07T11:40:52.885Z,Ergast,2021-04-18
305,hailwood,null,\N,Mike Hailwood,1940-04-02,British,2024-10-07T11:40:52.885Z,Ergast,2021-04-18
306,beltoise,null,\N,Jean-Pierre Beltoise,1937-04-26,French,2024-10-07T11:40:52.885Z,Ergast,2021-04-18
307,ganley,null,\N,Howden Ganley,1941-12-24,New Zealander,2024-10-07T11:40:52.885Z,Ergast,2021-04-18
308,robarts,null,\N,Richard Robarts,1944-09-22,British,2024-10-07T11:40:52.885Z,Ergast,2021-04-18
309,revson,null,\N,Peter Revson,1939-02-27,American,2024-10-07T11:40:52.885Z,Ergast,2021-04-18
310,driver,null,\N,Paddy Driver,1934-05-13,South African,2024-10-07T11:40:52.885Z,Ergast,2021-04-18
311,belso,null,\N,Tom Belsø,1942-08-27,Danish,2024-10-07T11:40:52.885Z,Ergast,2021-04-18
312,redman,null,\N,Brian Redman,1937-03-09,British,2024-10-07T11:40:52.885Z,Ergast,2021-04-18
313,opel,null,\N,Rikky von Opel,1947-10-14,Liechtensteiner,2024-10-07T11:40:52.885Z,Ergast,2021-04-18
314,schenken,null,\N,Tim Schenken,1943-09-26,Australian,2024-10-07T11:40:52.885Z,Ergast,2021-04-18
315,larrousse,null,\N,Gérard Larrousse,1940-05-23,French,2024-10-07T11:40:52.885Z,Ergast,2021-04-18
316,kinnunen,null,\N,Leo Kinnunen,1943-08-05,Finnish,2024-10-07T11:40:52.885Z,Ergast,2021-04-18
317,wisell,null,\N,Reine Wisell,1941-09-30,Swedish,2024-10-07T11:40:52.885Z,Ergast,2021-04-18
318,roos,null,\N,Bertil Roos,1943-10-12,Swedish,2024-10-07T11:40:52.885Z,Ergast,2021-04-18
319,dolhem,null,\N,José Dolhem,1944-04-26,French,2024-10-07T11:40:52.885Z,Ergast,2021-04-18
320,gethin,null,\N,Peter Gethin,1940-02-21,British,2024-10-07T11:40:52.885Z,Ergast,2021-04-18
321,bell,null,\N,Derek Bell,1941-10-31,British,2024-10-07T11:40:52.885Z,Ergast,2021-04-18
322,hobbs,null,\N,David Hobbs,1939-06-09,British,2024-10-07T11:40:52.885Z,Ergast,2021-04-18
323,quester,null,\N,Dieter Quester,1939-05-30,Austrian,2024-10-07T11:40:52.885Z,Ergast,2021-04-18
324,koinigg,null,\N,Helmuth Koinigg,1948-11-03,Austrian,2024-10-07T11:40:52.885Z,Ergast,2021-04-18
325,facetti,null,\N,Carlo Facetti,1935-06-26,Italian,2024-10-07T11:40:52.885Z,Ergast,2021-04-18
326,wietzes,null,\N,Eppie Wietzes,1938-05-28,Canadian,2024-10-07T11:40:52.885Z,Ergast,2021-04-18
327,cevert,null,\N,François Cevert,1944-02-25,French,2024-10-07T11:40:52.885Z,Ergast,2021-04-18
328,stewart,null,\N,Jackie Stewart,1939-06-11,British,2024-10-07T11:40:52.885Z,Ergast,2021-04-18
329,beuttler,null,\N,Mike Beuttler,1940-04-13,British,2024-10-07T11:40:52.885Z,Ergast,2021-04-18
330,galli,null,\N,Nanni Galli,1940-10-02,Italian,2024-10-07T11:40:52.885Z,Ergast,2021-04-18
331,bueno,null,\N,Luiz Bueno,1937-01-16,Brazilian,2024-10-07T11:40:52.885Z,Ergast,2021-04-18
332,follmer,null,\N,George Follmer,1934-01-27,American,2024-10-07T11:40:52.885Z,Ergast,2021-04-18
333,adamich,null,\N,Andrea de Adamich,1941-10-03,Italian,2024-10-07T11:40:52.885Z,Ergast,2021-04-18
334,pretorius,null,\N,Jackie Pretorius,1934-11-22,South African,2024-10-07T11:40:52.885Z,Ergast,2021-04-18
335,williamson,null,\N,Roger Williamson,1948-02-02,British,2024-10-07T11:40:52.885Z,Ergast,2021-04-18
336,mcrae,null,\N,Graham McRae,1940-03-05,New Zealander,2024-10-07T11:40:52.885Z,Ergast,2021-04-18
337,marko,null,\N,Helmut Marko,1943-04-27,Austrian,2024-10-07T11:40:52.885Z,Ergast,2021-04-18
338,walker,null,\N,David Walker,1941-06-10,Australian,2024-10-07T11:40:52.885Z,Ergast,2021-04-18
339,roig,null,\N,Alex Soler-Roig,1932-10-29,Spanish,2024-10-07T11:40:52.885Z,Ergast,2021-04-18
340,love,null,\N,John Love,1924-12-07,Rhodesian,2024-10-07T11:40:52.885Z,Ergast,2021-04-18
341,surtees,null,\N,John Surtees,1934-02-11,British,2024-10-07T11:40:52.885Z,Ergast,2021-04-18
342,barber,null,\N,Skip Barber,1936-11-16,American,2024-10-07T11:40:52.885Z,Ergast,2021-04-18
343,brack,null,\N,Bill Brack,1935-12-26,Canadian,2024-10-07T11:40:52.885Z,Ergast,2021-04-18
344,posey,null,\N,Sam Posey,1944-05-26,American,2024-10-07T11:40:52.885Z,Ergast,2021-04-18
345,rodriguez,null,\N,Pedro Rodríguez,1940-01-18,Mexican,2024-10-07T11:40:52.885Z,Ergast,2021-04-18
346,siffert,null,\N,Jo Siffert,1936-07-07,Swiss,2024-10-07T11:40:52.885Z,Ergast,2021-04-18
347,bonnier,null,\N,Jo Bonnier,1930-01-31,Swedish,2024-10-07T11:40:52.885Z,Ergast,2021-04-18
348,mazet,null,\N,François Mazet,1943-02-24,French,2024-10-07T11:40:52.885Z,Ergast,2021-04-18
349,jean,null,\N,Max Jean,1943-07-27,French,2024-10-07T11:40:52.885Z,Ergast,2021-04-18
350,elford,null,\N,Vic Elford,1935-06-10,British,2024-10-07T11:40:52.885Z,Ergast,2021-04-18
351,moser,null,\N,Silvio Moser,1941-04-24,Swiss,2024-10-07T11:40:52.885Z,Ergast,2021-04-18
352,eaton,null,\N,George Eaton,1945-11-12,Canadian,2024-10-07T11:40:52.885Z,Ergast,2021-04-18
353,lovely,null,\N,Pete Lovely,1926-04-11,American,2024-10-07T11:40:52.885Z,Ergast,2021-04-18
354,craft,null,\N,Chris Craft,1939-11-17,British,2024-10-07T11:40:52.885Z,Ergast,2021-04-18
355,Cannoc,null,\N,John Cannon,1933-06-21,Canadian,2024-10-07T11:40:52.885Z,Ergast,2021-04-18
356,jack_brabham,null,\N,Jack Brabham,1926-04-02,Australian,2024-10-07T11:40:52.885Z,Ergast,2021-04-18
357,miles,null,\N,John Miles,1943-06-14,British,2024-10-07T11:40:52.885Z,Ergast,2021-04-18
358,rindt,null,\N,Jochen Rindt,1942-04-18,Austrian,2024-10-07T11:40:52.885Z,Ergast,2021-04-18
359,gavin,null,\N,Johnny Servoz-Gavin,1942-01-18,French,2024-10-07T11:40:52.885Z,Ergast,2021-04-18
360,mclaren,null,\N,Bruce McLaren,1937-08-30,New Zealander,2024-10-07T11:40:52.885Z,Ergast,2021-04-18
361,courage,null,\N,Piers Courage,1942-05-27,British,2024-10-07T11:40:52.885Z,Ergast,2021-04-18
362,klerk,null,\N,Peter de Klerk,1935-03-16,South African,2024-10-07T11:40:52.885Z,Ergast,2021-04-18
363,giunti,null,\N,Ignazio Giunti,1941-08-30,Italian,2024-10-07T11:40:52.885Z,Ergast,2021-04-18
364,gurney,null,\N,Dan Gurney,1931-04-13,American,2024-10-07T11:40:52.885Z,Ergast,2021-04-18
365,hahne,null,\N,Hubert Hahne,1935-03-28,German,2024-10-07T11:40:52.885Z,Ergast,2021-04-18
366,hutchison,null,\N,Gus Hutchison,1937-04-26,American,2024-10-07T11:40:52.885Z,Ergast,2021-04-18
367,westbury,null,\N,Peter Westbury,1938-05-26,British,2024-10-07T11:40:52.885Z,Ergast,2021-04-18
368,tingle,null,\N,Sam Tingle,1921-08-24,Rhodesian,2024-10-07T11:40:52.885Z,Ergast,2021-04-18
369,rooyen,null,\N,Basil van Rooyen,1939-04-19,South African,2024-10-07T11:40:52.885Z,Ergast,2021-04-18
370,attwood,null,\N,Richard Attwood,1940-04-04,British,2024-10-07T11:40:52.885Z,Ergast,2021-04-18
371,pease,null,\N,Al Pease,1921-10-15,Canadian,2024-10-07T11:40:52.885Z,Ergast,2021-04-18
372,cordts,null,\N,John Cordts,1935-07-23,Canadian,2024-10-07T11:40:52.885Z,Ergast,2021-04-18
373,clark,null,\N,Jim Clark,1936-03-04,British,2024-10-07T11:40:52.885Z,Ergast,2021-04-18
374,spence,null,\N,Mike Spence,1936-12-30,British,2024-10-07T11:40:52.885Z,Ergast,2021-04-18
375,scarfiotti,null,\N,Ludovico Scarfiotti,1933-10-18,Italian,2024-10-07T11:40:52.885Z,Ergast,2021-04-18
376,bianchi,null,BIA,Lucien Bianchi,1934-11-10,Belgian,2024-10-07T11:40:52.885Z,Ergast,2021-04-18
377,jo_schlesser,null,\N,Jo Schlesser,1928-05-18,French,2024-10-07T11:40:52.885Z,Ergast,2021-04-18
378,widdows,null,\N,Robin Widdows,1942-05-27,British,2024-10-07T11:40:52.885Z,Ergast,2021-04-18
379,ahrens,null,\N,Kurt Ahrens,1940-04-19,German,2024-10-07T11:40:52.885Z,Ergast,2021-04-18
380,gardner,null,\N,Frank Gardner,1930-10-01,Australian,2024-10-07T11:40:52.885Z,Ergast,2021-04-18
381,unser,null,\N,Bobby Unser,1934-02-20,American,2024-10-07T11:40:52.885Z,Ergast,2021-04-18
382,solana,null,\N,Moisés Solana,1935-12-26,Mexican,2024-10-07T11:40:52.885Z,Ergast,2021-04-18
383,anderson,null,\N,Bob Anderson,1931-05-19,British,2024-10-07T11:40:52.885Z,Ergast,2021-04-18
384,botha,null,\N,Luki Botha,1930-01-16,South African,2024-10-07T11:40:52.885Z,Ergast,2021-04-18
385,bandini,null,\N,Lorenzo Bandini,1935-12-21,Italian,2024-10-07T11:40:52.885Z,Ergast,2021-04-18
386,ginther,null,\N,Richie Ginther,1930-08-05,American,2024-10-07T11:40:52.885Z,Ergast,2021-04-18
387,parkes,null,\N,Mike Parkes,1931-09-24,British,2024-10-07T11:40:52.885Z,Ergast,2021-04-18
388,irwin,null,\N,Chris Irwin,1942-06-27,British,2024-10-07T11:40:52.885Z,Ergast,2021-04-18
389,ligier,null,\N,Guy Ligier,1930-07-12,French,2024-10-07T11:40:52.885Z,Ergast,2021-04-18
390,rees,null,\N,Alan Rees,1938-01-12,British,2024-10-07T11:40:52.885Z,Ergast,2021-04-18
391,hart,null,\N,Brian Hart,1936-09-07,British,2024-10-07T11:40:52.885Z,Ergast,2021-04-18
392,fisher,null,\N,Mike Fisher,1943-03-13,American,2024-10-07T11:40:52.885Z,Ergast,2021-04-18
393,tom_jones,null,\N,Tom Jones,1943-04-26,American,2024-10-07T11:40:52.885Z,Ergast,2021-04-18
394,baghetti,null,\N,Giancarlo Baghetti,1934-12-25,Italian,2024-10-07T11:40:52.885Z,Ergast,2021-04-18
395,williams,null,\N,Jonathan Williams,1942-10-26,British,2024-10-07T11:40:52.885Z,Ergast,2021-04-18
396,bondurant,null,\N,Bob Bondurant,1933-04-27,American,2024-10-07T11:40:52.885Z,Ergast,2021-04-18
397,arundell,null,\N,Peter Arundell,1933-11-08,British,2024-10-07T11:40:52.885Z,Ergast,2021-04-18
398,vic_wilson,null,\N,Vic Wilson,1931-04-14,British,2024-10-07T11:40:52.885Z,Ergast,2021-04-18
399,taylor,null,\N,John Taylor,1933-03-23,British,2024-10-07T11:40:52.885Z,Ergast,2021-04-18
400,lawrence,null,\N,Chris Lawrence,1933-07-27,British,2024-10-07T11:40:52.885Z,Ergast,2021-04-18
401,trevor_taylor,null,\N,Trevor Taylor,1936-12-26,British,2024-10-07T11:40:52.885Z,Ergast,2021-04-18
402,geki,null,\N,Giacomo Russo,1937-10-23,Italian,2024-10-07T11:40:52.885Z,Ergast,2021-04-18
403,phil_hill,null,\N,Phil Hill,1927-04-20,American,2024-10-07T11:40:52.885Z,Ergast,2021-04-18
404,ireland,null,\N,Innes Ireland,1930-06-12,British,2024-10-07T11:40:52.885Z,Ergast,2021-04-18
405,bucknum,null,\N,Ronnie Bucknum,1936-04-05,American,2024-10-07T11:40:52.885Z,Ergast,2021-04-18
406,hawkins,null,\N,Paul Hawkins,1937-10-12,Australian,2024-10-07T11:40:52.885Z,Ergast,2021-04-18
407,prophet,null,\N,David Prophet,1937-10-09,British,2024-10-07T11:40:52.885Z,Ergast,2021-04-18
408,maggs,null,\N,Tony Maggs,1937-02-09,South African,2024-10-07T11:40:52.885Z,Ergast,2021-04-18
409,blokdyk,null,\N,Trevor Blokdyk,1935-11-30,South African,2024-10-07T11:40:52.885Z,Ergast,2021-04-18
410,lederle,null,\N,Neville Lederle,1938-09-25,South African,2024-10-07T11:40:52.885Z,Ergast,2021-04-18
411,serrurier,null,\N,Doug Serrurier,1920-12-09,South African,2024-10-07T11:40:52.885Z,Ergast,2021-04-18
412,niemann,null,\N,Brausch Niemann,1939-01-07,South African,2024-10-07T11:40:52.885Z,Ergast,2021-04-18
413,pieterse,null,\N,Ernie Pieterse,1938-07-04,South African,2024-10-07T11:40:52.885Z,Ergast,2021-04-18
414,puzey,null,\N,Clive Puzey,1941-07-11,Rhodesian,2024-10-07T11:40:52.885Z,Ergast,2021-04-18
415,reed,null,\N,Ray Reed,1932-04-30,South African,2024-10-07T11:40:52.885Z,Ergast,2021-04-18
416,clapham,null,\N,David Clapham,1931-05-18,South African,2024-10-07T11:40:52.885Z,Ergast,2021-04-18
417,blignaut,null,\N,Alex Blignaut,1932-11-30,South African,2024-10-07T11:40:52.885Z,Ergast,2021-04-18
418,gregory,null,\N,Masten Gregory,1932-02-29,American,2024-10-07T11:40:52.885Z,Ergast,2021-04-18
419,rhodes,null,\N,John Rhodes,1927-08-18,British,2024-10-07T11:40:52.885Z,Ergast,2021-04-18
420,raby,null,\N,Ian Raby,1921-09-22,British,2024-10-07T11:40:52.885Z,Ergast,2021-04-18
421,rollinson,null,\N,Alan Rollinson,1943-05-15,British,2024-10-07T11:40:52.885Z,Ergast,2021-04-18
422,gubby,null,\N,Brian Gubby,1934-04-17,British,2024-10-07T11:40:52.885Z,Ergast,2021-04-18
423,mitter,null,\N,Gerhard Mitter,1935-08-30,German,2024-10-07T11:40:52.885Z,Ergast,2021-04-18
424,bussinello,null,\N,Roberto Bussinello,1927-10-04,Italian,2024-10-07T11:40:52.885Z,Ergast,2021-04-18
425,vaccarella,null,\N,Nino Vaccarella,1933-03-04,Italian,2024-10-07T11:40:52.885Z,Ergast,2021-04-18
426,bassi,null,\N,Giorgio Bassi,1934-01-20,Italian,2024-10-07T11:40:52.885Z,Ergast,2021-04-18
427,trintignant,null,\N,Maurice Trintignant,1917-10-30,French,2024-10-07T11:40:52.885Z,Ergast,2021-04-18
428,collomb,null,\N,Bernard Collomb,1930-10-07,French,2024-10-07T11:40:52.885Z,Ergast,2021-04-18
429,andre_pilette,null,\N,André Pilette,1918-10-06,Belgian,2024-10-07T11:40:52.885Z,Ergast,2021-04-18
430,beaufort,null,\N,Carel Godin de Beaufort,1934-04-10,Dutch,2024-10-07T11:40:52.885Z,Ergast,2021-04-18
431,barth,null,\N,Edgar Barth,1917-01-26,German,2024-10-07T11:40:52.885Z,Ergast,2021-04-18
432,cabral,null,\N,Mário de Araújo Cabral,1934-01-15,Portuguese,2024-10-07T11:40:52.885Z,Ergast,2021-04-18
433,hansgen,null,\N,Walt Hansgen,1919-10-28,American,2024-10-07T11:40:52.885Z,Ergast,2021-04-18
434,sharp,null,\N,Hap Sharp,1928-01-01,American,2024-10-07T11:40:52.885Z,Ergast,2021-04-18
435,mairesse,null,\N,Willy Mairesse,1928-10-01,Belgian,2024-10-07T11:40:52.885Z,Ergast,2021-04-18
436,campbell-jones,null,\N,John Campbell-Jones,1930-01-21,British,2024-10-07T11:40:52.885Z,Ergast,2021-04-18
437,burgess,null,\N,Ian Burgess,1930-07-06,British,2024-10-07T11:40:52.885Z,Ergast,2021-04-18
438,settember,null,\N,Tony Settember,1926-07-10,American,2024-10-07T11:40:52.885Z,Ergast,2021-04-18
439,estefano,null,\N,Nasif Estéfano,1932-11-18,Argentine,2024-10-07T11:40:52.885Z,Ergast,2021-04-18
440,hall,null,\N,Jim Hall,1935-07-23,American,2024-10-07T11:40:52.885Z,Ergast,2021-04-18
441,parnell,null,\N,Tim Parnell,1932-06-25,British,2024-10-07T11:40:52.885Z,Ergast,2021-04-18
442,kuhnke,null,\N,Kurt Kuhnke,1910-04-30,German,2024-10-07T11:40:52.885Z,Ergast,2021-04-18
443,ernesto_brambilla,null,\N,Ernesto Brambilla,1934-01-31,Italian,2024-10-07T11:40:52.885Z,Ergast,2021-04-18
444,lippi,null,\N,Roberto Lippi,1926-10-17,Italian,2024-10-07T11:40:52.885Z,Ergast,2021-04-18
445,seiffert,null,\N,Günther Seiffert,1937-10-18,German,2024-10-07T11:40:52.885Z,Ergast,2021-04-18
446,abate,null,\N,Carlo Abate,1932-07-10,Italian,2024-10-07T11:40:52.885Z,Ergast,2021-04-18
447,starrabba,null,\N,Gaetano Starrabba,1932-12-03,Italian,2024-10-07T11:40:52.885Z,Ergast,2021-04-18
448,broeker,null,\N,Peter Broeker,1926-05-15,Canadian,2024-10-07T11:40:52.885Z,Ergast,2021-04-18
449,ward,null,\N,Rodger Ward,1921-01-10,American,2024-10-07T11:40:52.885Z,Ergast,2021-04-18
450,vos,null,\N,Ernie de Vos,1941-07-01,Dutch,2024-10-07T11:40:52.885Z,Ergast,2021-04-18
451,dochnal,null,\N,Frank Dochnal,1920-10-08,American,2024-10-07T11:40:52.885Z,Ergast,2021-04-18
452,monarch,null,\N,Thomas Monarch,1945-09-03,American,2024-10-07T11:40:52.885Z,Ergast,2021-04-18
842,gasly,10,GAS,Pierre Gasly,1996-02-07,French,2024-10-07T11:40:52.885Z,Ergast,2021-04-18
453,lewis,null,\N,Jackie Lewis,1936-11-01,British,2024-10-07T11:40:52.885Z,Ergast,2021-04-18
454,ricardo_rodriguez,null,\N,Ricardo Rodríguez,1942-02-14,Mexican,2024-10-07T11:40:52.885Z,Ergast,2021-04-18
455,seidel,null,\N,Wolfgang Seidel,1926-07-04,German,2024-10-07T11:40:52.885Z,Ergast,2021-04-18
456,salvadori,null,\N,Roy Salvadori,1922-05-12,British,2024-10-07T11:40:52.885Z,Ergast,2021-04-18
457,pon,null,\N,Ben Pon,1936-12-09,Dutch,2024-10-07T11:40:52.885Z,Ergast,2021-04-18
458,slotemaker,null,\N,Rob Slotemaker,1929-06-13,Dutch,2024-10-07T11:40:52.885Z,Ergast,2021-04-18
459,marsh,null,\N,Tony Marsh,1931-07-20,British,2024-10-07T11:40:52.885Z,Ergast,2021-04-18
460,ashmore,null,\N,Gerry Ashmore,1936-07-25,British,2024-10-07T11:40:52.885Z,Ergast,2021-04-18
461,schiller,null,\N,Heinz Schiller,1930-01-25,Swiss,2024-10-07T11:40:52.885Z,Ergast,2021-04-18
462,davis,null,\N,Colin Davis,1933-07-29,British,2024-10-07T11:40:52.885Z,Ergast,2021-04-18
463,chamberlain,null,\N,Jay Chamberlain,1925-12-29,American,2024-10-07T11:40:52.885Z,Ergast,2021-04-18
464,shelly,null,\N,Tony Shelly,1937-02-02,New Zealander,2024-10-07T11:40:52.885Z,Ergast,2021-04-18
465,greene,null,\N,Keith Greene,1938-01-05,British,2024-10-07T11:40:52.885Z,Ergast,2021-04-18
466,walter,null,\N,Heini Walter,1927-07-28,Swiss,2024-10-07T11:40:52.885Z,Ergast,2021-04-18
467,prinoth,null,\N,Ernesto Prinoth,1923-04-15,Italian,2024-10-07T11:40:52.885Z,Ergast,2021-04-18
468,penske,null,\N,Roger Penske,1937-02-20,American,2024-10-07T11:40:52.885Z,Ergast,2021-04-18
469,schroeder,null,\N,Rob Schroeder,1926-05-11,British,2024-10-07T11:40:52.885Z,Ergast,2021-04-18
470,mayer,null,\N,Timmy Mayer,1938-02-22,American,2024-10-07T11:40:52.885Z,Ergast,2021-04-18
471,johnstone,null,\N,Bruce Johnstone,1937-01-30,South African,2024-10-07T11:40:52.885Z,Ergast,2021-04-18
472,harris,null,\N,Mike Harris,1939-05-25,South African,2024-10-07T11:40:52.885Z,Ergast,2021-04-18
473,hocking,null,\N,Gary Hocking,1937-09-30,Rhodesian,2024-10-07T11:40:52.885Z,Ergast,2021-04-18
474,vyver,null,\N,Syd van der Vyver,1920-06-01,South African,2024-10-07T11:40:52.885Z,Ergast,2021-04-18
475,moss,null,\N,Stirling Moss,1929-09-17,British,2024-10-07T11:40:52.885Z,Ergast,2021-04-18
476,trips,null,\N,Wolfgang von Trips,1928-05-04,German,2024-10-07T11:40:52.885Z,Ergast,2021-04-18
477,allison,null,\N,Cliff Allison,1932-02-08,British,2024-10-07T11:40:52.885Z,Ergast,2021-04-18
478,herrmann,null,\N,Hans Herrmann,1928-02-23,German,2024-10-07T11:40:52.885Z,Ergast,2021-04-18
479,brooks,null,\N,Tony Brooks,1932-02-25,British,2024-10-07T11:40:52.885Z,Ergast,2021-04-18
480,may,null,\N,Michael May,1934-08-18,Swiss,2024-10-07T11:40:52.885Z,Ergast,2021-04-18
481,henry_taylor,null,\N,Henry Taylor,1932-12-16,British,2024-10-07T11:40:52.885Z,Ergast,2021-04-18
482,gendebien,null,\N,Olivier Gendebien,1924-01-12,Belgian,2024-10-07T11:40:52.885Z,Ergast,2021-04-18
483,scarlatti,null,\N,Giorgio Scarlatti,1921-10-02,Italian,2024-10-07T11:40:52.885Z,Ergast,2021-04-18
484,naylor,null,\N,Brian Naylor,1923-03-24,British,2024-10-07T11:40:52.885Z,Ergast,2021-04-18
485,bordeu,null,\N,Juan Manuel Bordeu,1934-01-28,Argentine,2024-10-07T11:40:52.885Z,Ergast,2021-04-18
486,fairman,null,\N,Jack Fairman,1913-03-15,British,2024-10-07T11:40:52.885Z,Ergast,2021-04-18
487,natili,null,\N,Massimo Natili,1935-07-28,Italian,2024-10-07T11:40:52.885Z,Ergast,2021-04-18
488,monteverdi,null,\N,Peter Monteverdi,1934-06-07,Swiss,2024-10-07T11:40:52.885Z,Ergast,2021-04-18
489,pirocchi,null,\N,Renato Pirocchi,1933-03-26,Italian,2024-10-07T11:40:52.885Z,Ergast,2021-04-18
490,duke,null,\N,Geoff Duke,1923-03-29,British,2024-10-07T11:40:52.885Z,Ergast,2021-04-18
491,thiele,null,\N,Alfonso Thiele,1920-04-05,American-Italian,2024-10-07T11:40:52.885Z,Ergast,2021-04-18
492,boffa,null,\N,Menato Boffa,1930-01-04,Italian,2024-10-07T11:40:52.885Z,Ergast,2021-04-18
493,ryan,null,\N,Peter Ryan,1940-06-10,Canadian,2024-10-07T11:40:52.885Z,Ergast,2021-04-18
494,ruby,null,\N,Lloyd Ruby,1928-01-12,American,2024-10-07T11:40:52.885Z,Ergast,2021-04-18
495,ken_miles,null,\N,Ken Miles,1918-11-01,British,2024-10-07T11:40:52.885Z,Ergast,2021-04-18
496,menditeguy,null,\N,Carlos Menditeguy,1914-08-10,Argentine,2024-10-07T11:40:52.885Z,Ergast,2021-04-18
497,larreta,null,\N,Alberto Rodriguez Larreta,1934-01-14,Argentine,2024-10-07T11:40:52.885Z,Ergast,2021-04-18
498,gonzalez,null,\N,José Froilán González,1922-10-05,Argentine,2024-10-07T11:40:52.885Z,Ergast,2021-04-18
499,bonomi,null,\N,Roberto Bonomi,1919-09-30,Argentine,2024-10-07T11:40:52.885Z,Ergast,2021-04-18
500,munaron,null,\N,Gino Munaron,1928-04-02,Italian,2024-10-07T11:40:52.885Z,Ergast,2021-04-18
501,schell,null,\N,Harry Schell,1921-06-29,American,2024-10-07T11:40:52.885Z,Ergast,2021-04-18
502,stacey,null,\N,Alan Stacey,1933-08-29,British,2024-10-07T11:40:52.885Z,Ergast,2021-04-18
503,chimeri,null,\N,Ettore Chimeri,1921-06-04,Venezuelan,2024-10-07T11:40:52.885Z,Ergast,2021-04-18
504,creus,null,\N,Antonio Creus,1924-10-28,Spanish,2024-10-07T11:40:52.885Z,Ergast,2021-04-18
505,bristow,null,\N,Chris Bristow,1937-12-02,British,2024-10-07T11:40:52.885Z,Ergast,2021-04-18
506,halford,null,\N,Bruce Halford,1931-05-18,British,2024-10-07T11:40:52.885Z,Ergast,2021-04-18
507,daigh,null,\N,Chuck Daigh,1923-11-29,American,2024-10-07T11:40:52.885Z,Ergast,2021-04-18
508,reventlow,null,\N,Lance Reventlow,1936-02-24,American,2024-10-07T11:40:52.885Z,Ergast,2021-04-18
509,rathmann,null,\N,Jim Rathmann,1928-07-16,American,2024-10-07T11:40:52.885Z,Ergast,2021-04-18
510,goldsmith,null,\N,Paul Goldsmith,1925-10-02,American,2024-10-07T11:40:52.885Z,Ergast,2021-04-18
511,branson,null,\N,Don Branson,1920-06-02,American,2024-10-07T11:40:52.885Z,Ergast,2021-04-18
512,thomson,null,\N,Johnny Thomson,1922-04-09,American,2024-10-07T11:40:52.885Z,Ergast,2021-04-18
513,johnson,null,\N,Eddie Johnson,1919-02-10,American,2024-10-07T11:40:52.885Z,Ergast,2021-04-18
514,veith,null,\N,Bob Veith,1926-11-01,American,2024-10-07T11:40:52.885Z,Ergast,2021-04-18
515,tingelstad,null,\N,Bud Tingelstad,1928-04-04,American,2024-10-07T11:40:52.885Z,Ergast,2021-04-18
516,christie,null,\N,Bob Christie,1924-04-04,American,2024-10-07T11:40:52.885Z,Ergast,2021-04-18
517,amick,null,\N,Red Amick,1929-01-19,American,2024-10-07T11:40:52.885Z,Ergast,2021-04-18
518,darter,null,\N,Duane Carter,1913-05-05,American,2024-10-07T11:40:52.885Z,Ergast,2021-04-18
519,homeier,null,\N,Bill Homeier,1918-08-31,American,2024-10-07T11:40:52.885Z,Ergast,2021-04-18
520,hartley,null,\N,Gene Hartley,1926-01-28,American,2024-10-07T11:40:52.885Z,Ergast,2021-04-18
521,stevenson,null,\N,Chuck Stevenson,1919-10-15,American,2024-10-07T11:40:52.885Z,Ergast,2021-04-18
522,grim,null,\N,Bobby Grim,1924-09-04,American,2024-10-07T11:40:52.885Z,Ergast,2021-04-18
523,templeman,null,\N,Shorty Templeman,1919-08-12,American,2024-10-07T11:40:52.885Z,Ergast,2021-04-18
524,hurtubise,null,\N,Jim Hurtubise,1932-12-05,American,2024-10-07T11:40:52.885Z,Ergast,2021-04-18
525,bryan,null,\N,Jimmy Bryan,1926-01-28,American,2024-10-07T11:40:52.885Z,Ergast,2021-04-18
526,ruttman,null,\N,Troy Ruttman,1930-03-11,American,2024-10-07T11:40:52.885Z,Ergast,2021-04-18
527,sachs,null,\N,Eddie Sachs,1927-05-28,American,2024-10-07T11:40:52.885Z,Ergast,2021-04-18
528,freeland,null,\N,Don Freeland,1925-03-25,American,2024-10-07T11:40:52.885Z,Ergast,2021-04-18
529,bettenhausen,null,\N,Tony Bettenhausen,1916-09-12,American,2024-10-07T11:40:52.885Z,Ergast,2021-04-18
530,weiler,null,\N,Wayne Weiler,1934-12-09,American,2024-10-07T11:40:52.885Z,Ergast,2021-04-18
531,foyt,null,\N,Anthony Foyt,1935-01-16,American,2024-10-07T11:40:52.885Z,Ergast,2021-04-18
532,russo,null,\N,Eddie Russo,1925-11-19,American,2024-10-07T11:40:52.885Z,Ergast,2021-04-18
533,boyd,null,\N,Johnny Boyd,1926-08-19,American,2024-10-07T11:40:52.885Z,Ergast,2021-04-18
534,force,null,\N,Gene Force,1916-06-15,American,2024-10-07T11:40:52.885Z,Ergast,2021-04-18
535,mcwithey,null,\N,Jim McWithey,1927-07-04,American,2024-10-07T11:40:52.885Z,Ergast,2021-04-18
536,sutton,null,\N,Len Sutton,1925-08-09,American,2024-10-07T11:40:52.885Z,Ergast,2021-04-18
537,dick_rathmann,null,\N,Dick Rathmann,1924-01-06,American,2024-10-07T11:40:52.885Z,Ergast,2021-04-18
538,herman,null,\N,Al Herman,1927-03-15,American,2024-10-07T11:40:52.885Z,Ergast,2021-04-18
539,dempsey_wilson,null,\N,Dempsey Wilson,1927-03-11,American,2024-10-07T11:40:52.885Z,Ergast,2021-04-18
540,mike_taylor,null,\N,Mike Taylor,1934-04-24,British,2024-10-07T11:40:52.885Z,Ergast,2021-04-18
541,flockhart,null,\N,Ron Flockhart,1923-06-16,British,2024-10-07T11:40:52.885Z,Ergast,2021-04-18
542,piper,null,\N,David Piper,1930-12-02,British,2024-10-07T11:40:52.885Z,Ergast,2021-04-18
543,cabianca,null,\N,Giulio Cabianca,1923-02-19,Italian,2024-10-07T11:40:52.885Z,Ergast,2021-04-18
544,drogo,null,\N,Piero Drogo,1926-08-08,Italian,2024-10-07T11:40:52.885Z,Ergast,2021-04-18
545,gamble,null,\N,Fred Gamble,1932-03-17,American,2024-10-07T11:40:52.885Z,Ergast,2021-04-18
546,owen,null,\N,Arthur Owen,1915-03-23,British,2024-10-07T11:40:52.885Z,Ergast,2021-04-18
547,gould,null,\N,Horace Gould,1918-09-20,British,2024-10-07T11:40:52.885Z,Ergast,2021-04-18
548,drake,null,\N,Bob Drake,1919-12-14,American,2024-10-07T11:40:52.885Z,Ergast,2021-04-18
549,bueb,null,\N,Ivor Bueb,1923-06-06,British,2024-10-07T11:40:52.885Z,Ergast,2021-04-18
550,Changy,null,\N,Alain de Changy,1922-02-05,Belgian,2024-10-07T11:40:52.885Z,Ergast,2021-04-18
551,filippis,null,\N,Maria de Filippis,1926-11-11,Italian,2024-10-07T11:40:52.885Z,Ergast,2021-04-18
552,lucienbonnet,null,\N,Jean Lucienbonnet,1923-01-07,French,2024-10-07T11:40:52.885Z,Ergast,2021-04-18
553,testut,null,\N,André Testut,1926-04-13,Monegasque,2024-10-07T11:40:52.885Z,Ergast,2021-04-18
554,behra,null,\N,Jean Behra,1921-02-16,French,2024-10-07T11:40:52.885Z,Ergast,2021-04-18
555,paul_russo,null,\N,Paul Russo,1914-04-10,American,2024-10-07T11:40:52.885Z,Ergast,2021-04-18
556,daywalt,null,\N,Jimmy Daywalt,1924-08-28,American,2024-10-07T11:40:52.885Z,Ergast,2021-04-18
557,arnold,null,\N,Chuck Arnold,1926-05-30,American,2024-10-07T11:40:52.885Z,Ergast,2021-04-18
558,keller,null,\N,Al Keller,1920-04-11,American,2024-10-07T11:40:52.885Z,Ergast,2021-04-18
559,flaherty,null,\N,Pat Flaherty,1926-01-06,American,2024-10-07T11:40:52.885Z,Ergast,2021-04-18
560,cheesbourg,null,\N,Bill Cheesbourg,1927-06-12,American,2024-10-07T11:40:52.885Z,Ergast,2021-04-18
561,ray_crawford,null,\N,Ray Crawford,1915-10-26,American,2024-10-07T11:40:52.885Z,Ergast,2021-04-18
562,turner,null,\N,Jack Turner,1920-02-12,American,2024-10-07T11:40:52.885Z,Ergast,2021-04-18
563,weyant,null,\N,Chuck Weyant,1923-04-03,American,2024-10-07T11:40:52.885Z,Ergast,2021-04-18
564,larson,null,\N,Jud Larson,1923-01-21,American,2024-10-07T11:40:52.885Z,Ergast,2021-04-18
565,magill,null,\N,Mike Magill,1920-02-08,American,2024-10-07T11:40:52.885Z,Ergast,2021-04-18
566,shelby,null,\N,Carroll Shelby,1923-01-11,American,2024-10-07T11:40:52.885Z,Ergast,2021-04-18
567,orey,null,\N,Fritz d'Orey,1938-03-25,Brazilian,2024-10-07T11:40:52.885Z,Ergast,2021-04-18
568,fontes,null,\N,Azdrubal Fontes,1922-12-26,Uruguayan,2024-10-07T11:40:52.885Z,Ergast,2021-04-18
569,ashdown,null,\N,Peter Ashdown,1934-10-16,British,2024-10-07T11:40:52.885Z,Ergast,2021-04-18
570,bill_moss,null,\N,Bill Moss,1933-09-04,British,2024-10-07T11:40:52.885Z,Ergast,2021-04-18
571,dennis_taylor,null,\N,Dennis Taylor,1921-06-12,British,2024-10-07T11:40:52.885Z,Ergast,2021-04-18
572,blanchard,null,\N,Harry Blanchard,1929-06-13,American,2024-10-07T11:40:52.885Z,Ergast,2021-04-18
573,tomaso,null,\N,Alessandro de Tomaso,1928-07-10,Argentine-Italian,2024-10-07T11:40:52.885Z,Ergast,2021-04-18
574,constantine,null,\N,George Constantine,1918-02-22,American,2024-10-07T11:40:52.885Z,Ergast,2021-04-18
575,said,null,\N,Bob Said,1932-05-05,American,2024-10-07T11:40:52.885Z,Ergast,2021-04-18
576,cade,null,\N,Phil Cade,1916-06-12,American,2024-10-07T11:40:52.885Z,Ergast,2021-04-18
577,musso,null,\N,Luigi Musso,1924-07-28,Italian,2024-10-07T11:40:52.885Z,Ergast,2021-04-18
578,hawthorn,null,\N,Mike Hawthorn,1929-04-10,British,2024-10-07T11:40:52.885Z,Ergast,2021-04-18
579,fangio,null,\N,Juan Fangio,1911-06-24,Argentine,2024-10-07T11:40:52.885Z,Ergast,2021-04-18
580,godia,null,\N,Paco Godia,1921-03-21,Spanish,2024-10-07T11:40:52.885Z,Ergast,2021-04-18
581,collins,null,\N,Peter Collins,1931-11-06,British,2024-10-07T11:40:52.885Z,Ergast,2021-04-18
582,kavanagh,null,\N,Ken Kavanagh,1923-12-12,Australian,2024-10-07T11:40:52.885Z,Ergast,2021-04-18
583,gerini,null,\N,Gerino Gerini,1928-08-10,Italian,2024-10-07T11:40:52.885Z,Ergast,2021-04-18
584,kessler,null,\N,Bruce Kessler,1936-03-23,American,2024-10-07T11:40:52.885Z,Ergast,2021-04-18
585,emery,null,\N,Paul Emery,1916-11-12,British,2024-10-07T11:40:52.885Z,Ergast,2021-04-18
586,piotti,null,\N,Luigi Piotti,1913-10-27,Italian,2024-10-07T11:40:52.885Z,Ergast,2021-04-18
587,ecclestone,null,\N,Bernie Ecclestone,1930-10-28,British,2024-10-07T11:40:52.885Z,Ergast,2021-04-18
588,taramazzo,null,\N,Luigi Taramazzo,1932-05-05,Italian,2024-10-07T11:40:52.885Z,Ergast,2021-04-18
589,chiron,null,\N,Louis Chiron,1899-08-03,Monegasque,2024-10-07T11:40:52.885Z,Ergast,2021-04-18
590,lewis-evans,null,\N,Stuart Lewis-Evans,1930-04-20,British,2024-10-07T11:40:52.885Z,Ergast,2021-04-18
591,george_amick,null,\N,George Amick,1924-10-24,American,2024-10-07T11:40:52.885Z,Ergast,2021-04-18
592,reece,null,\N,Jimmy Reece,1929-11-17,American,2024-10-07T11:40:52.885Z,Ergast,2021-04-18
593,parsons,null,\N,Johnnie Parsons,1918-07-04,American,2024-10-07T11:40:52.885Z,Ergast,2021-04-18
594,tolan,null,\N,Johnnie Tolan,1917-10-22,American,2024-10-07T11:40:52.885Z,Ergast,2021-04-18
595,garrett,null,\N,Billy Garrett,1933-04-24,American,2024-10-07T11:40:52.885Z,Ergast,2021-04-18
596,elisian,null,\N,Ed Elisian,1926-12-09,American,2024-10-07T11:40:52.885Z,Ergast,2021-04-18
597,connor,null,\N,Pat O'Connor,1928-10-09,American,2024-10-07T11:40:52.885Z,Ergast,2021-04-18
598,jerry_unser,null,\N,Jerry Unser,1932-11-15,American,2024-10-07T11:40:52.885Z,Ergast,2021-04-18
599,bisch,null,\N,Art Bisch,1926-11-10,American,2024-10-07T11:40:52.885Z,Ergast,2021-04-18
600,goethals,null,\N,Christian Goethals,1928-08-04,Belgian,2024-10-07T11:40:52.885Z,Ergast,2021-04-18
601,gibson,null,\N,Dick Gibson,1918-04-16,British,2024-10-07T11:40:52.885Z,Ergast,2021-04-18
602,la_caze,null,\N,Robert La Caze,1917-02-26,French,2024-10-07T11:40:52.885Z,Ergast,2021-04-18
603,guelfi,null,\N,André Guelfi,1919-05-06,French,2024-10-07T11:40:52.885Z,Ergast,2021-04-18
604,picard,null,\N,François Picard,1921-04-26,French,2024-10-07T11:40:52.885Z,Ergast,2021-04-18
605,bridger,null,\N,Tom Bridger,1934-06-24,British,2024-10-07T11:40:52.885Z,Ergast,2021-04-18
606,portago,null,\N,Alfonso de Portago,1928-10-11,Spanish,2024-10-07T11:40:52.885Z,Ergast,2021-04-18
607,perdisa,null,\N,Cesare Perdisa,1932-10-21,Italian,2024-10-07T11:40:52.885Z,Ergast,2021-04-18
608,castellotti,null,\N,Eugenio Castellotti,1930-10-10,Italian,2024-10-07T11:40:52.885Z,Ergast,2021-04-18
609,simon,null,\N,André Simon,1920-01-05,French,2024-10-07T11:40:52.885Z,Ergast,2021-04-18
610,leston,null,\N,Les Leston,1920-12-16,British,2024-10-07T11:40:52.885Z,Ergast,2021-04-18
611,hanks,null,\N,Sam Hanks,1914-07-13,American,2024-10-07T11:40:52.885Z,Ergast,2021-04-18
612,linden,null,\N,Andy Linden,1922-04-05,American,2024-10-07T11:40:52.885Z,Ergast,2021-04-18
613,teague,null,\N,Marshall Teague,1921-02-22,American,2024-10-07T11:40:52.885Z,Ergast,2021-04-18
614,edmunds,null,\N,Don Edmunds,1930-09-23,American,2024-10-07T11:40:52.885Z,Ergast,2021-04-18
615,agabashian,null,\N,Fred Agabashian,1913-08-21,American,2024-10-07T11:40:52.885Z,Ergast,2021-04-18
616,george,null,\N,Elmer George,1928-07-15,American,2024-10-07T11:40:52.885Z,Ergast,2021-04-18
617,macdowel,null,\N,Mike MacDowel,1932-09-13,British,2024-10-07T11:40:52.885Z,Ergast,2021-04-18
618,mackay-fraser,null,\N,Herbert MacKay-Fraser,1927-06-23,American,2024-10-07T11:40:52.885Z,Ergast,2021-04-18
619,gerard,null,\N,Bob Gerard,1914-01-19,British,2024-10-07T11:40:52.885Z,Ergast,2021-04-18
620,maglioli,null,\N,Umberto Maglioli,1928-06-05,Italian,2024-10-07T11:40:52.885Z,Ergast,2021-04-18
621,england,null,\N,Paul England,1929-03-28,Australian,2024-10-07T11:40:52.885Z,Ergast,2021-04-18
622,landi,null,\N,Chico Landi,1907-07-14,Brazilian,2024-10-07T11:40:52.885Z,Ergast,2021-04-18
623,uria,null,\N,Alberto Uria,1924-07-11,Uruguayan,2024-10-07T11:40:52.885Z,Ergast,2021-04-18
624,ramos,null,\N,Hernando da Silva Ramos,1925-12-07,Brazilian,2024-10-07T11:40:52.885Z,Ergast,2021-04-18
625,bayol,null,\N,Élie Bayol,1914-02-28,French,2024-10-07T11:40:52.885Z,Ergast,2021-04-18
626,manzon,null,\N,Robert Manzon,1917-04-12,French,2024-10-07T11:40:52.885Z,Ergast,2021-04-18
627,rosier,null,\N,Louis Rosier,1905-11-05,French,2024-10-07T11:40:52.885Z,Ergast,2021-04-18
628,sweikert,null,\N,Bob Sweikert,1926-05-20,American,2024-10-07T11:40:52.885Z,Ergast,2021-04-18
629,griffith,null,\N,Cliff Griffith,1916-02-06,American,2024-10-07T11:40:52.885Z,Ergast,2021-04-18
630,dinsmore,null,\N,Duke Dinsmore,1913-04-10,American,2024-10-07T11:40:52.885Z,Ergast,2021-04-18
631,andrews,null,\N,Keith Andrews,1920-06-15,American,2024-10-07T11:40:52.885Z,Ergast,2021-04-18
632,frere,null,\N,Paul Frère,1917-01-30,Belgian,2024-10-07T11:40:52.885Z,Ergast,2021-04-18
633,villoresi,null,\N,Luigi Villoresi,1909-05-16,Italian,2024-10-07T11:40:52.885Z,Ergast,2021-04-18
634,scotti,null,\N,Piero Scotti,1909-11-11,Italian,2024-10-07T11:40:52.885Z,Ergast,2021-04-18
635,chapman,null,\N,Colin Chapman,1928-05-19,British,2024-10-07T11:40:52.885Z,Ergast,2021-04-18
636,titterington,null,\N,Desmond Titterington,1928-05-01,British,2024-10-07T11:40:52.885Z,Ergast,2021-04-18
637,scott_Brown,null,\N,Archie Scott Brown,1927-05-13,British,2024-10-07T11:40:52.885Z,Ergast,2021-04-18
638,volonterio,null,\N,Ottorino Volonterio,1917-12-07,Swiss,2024-10-07T11:40:52.885Z,Ergast,2021-04-18
639,milhoux,null,\N,André Milhoux,1928-12-09,Belgian,2024-10-07T11:40:52.885Z,Ergast,2021-04-18
640,graffenried,null,\N,Toulo de Graffenried,1914-05-18,Swiss,2024-10-07T11:40:52.885Z,Ergast,2021-04-18
641,taruffi,null,\N,Piero Taruffi,1906-10-12,Italian,2024-10-07T11:40:52.885Z,Ergast,2021-04-18
642,farina,null,\N,Nino Farina,1906-10-30,Italian,2024-10-07T11:40:52.885Z,Ergast,2021-04-18
643,mieres,null,\N,Roberto Mieres,1924-12-03,Argentine,2024-10-07T11:40:52.885Z,Ergast,2021-04-18
644,mantovani,null,\N,Sergio Mantovani,1929-05-22,Italian,2024-10-07T11:40:52.885Z,Ergast,2021-04-18
645,bucci,null,\N,Clemar Bucci,1920-09-04,Argentine,2024-10-07T11:40:52.885Z,Ergast,2021-04-18
646,iglesias,null,\N,Jesús Iglesias,1922-02-22,Argentine,2024-10-07T11:40:52.885Z,Ergast,2021-04-18
647,ascari,null,\N,Alberto Ascari,1918-07-13,Italian,2024-10-07T11:40:52.885Z,Ergast,2021-04-18
648,kling,null,\N,Karl Kling,1910-09-16,German,2024-10-07T11:40:52.885Z,Ergast,2021-04-18
649,birger,null,\N,Pablo Birger,1924-01-07,Argentine,2024-10-07T11:40:52.885Z,Ergast,2021-04-18
650,pollet,null,\N,Jacques Pollet,1922-07-02,French,2024-10-07T11:40:52.885Z,Ergast,2021-04-18
651,macklin,null,\N,Lance Macklin,1919-09-02,British,2024-10-07T11:40:52.885Z,Ergast,2021-04-18
652,whiteaway,null,\N,Ted Whiteaway,1928-11-01,British,2024-10-07T11:40:52.885Z,Ergast,2021-04-18
653,davies,null,\N,Jimmy Davies,1929-08-08,American,2024-10-07T11:40:52.885Z,Ergast,2021-04-18
654,faulkner,null,\N,Walt Faulkner,1920-02-16,American,2024-10-07T11:40:52.885Z,Ergast,2021-04-18
655,niday,null,\N,Cal Niday,1914-04-29,American,2024-10-07T11:40:52.885Z,Ergast,2021-04-18
656,cross,null,\N,Art Cross,1918-01-24,American,2024-10-07T11:40:52.885Z,Ergast,2021-04-18
657,vukovich,null,\N,Bill Vukovich,1918-12-13,American,2024-10-07T11:40:52.885Z,Ergast,2021-04-18
658,mcgrath,null,\N,Jack McGrath,1919-10-08,American,2024-10-07T11:40:52.885Z,Ergast,2021-04-18
659,hoyt,null,\N,Jerry Hoyt,1929-01-29,American,2024-10-07T11:40:52.885Z,Ergast,2021-04-18
660,claes,null,\N,Johnny Claes,1916-08-11,Belgian,2024-10-07T11:40:52.885Z,Ergast,2021-04-18
661,peter_walker,null,\N,Peter Walker,1912-10-07,British,2024-10-07T11:40:52.885Z,Ergast,2021-04-18
662,sparken,null,\N,Mike Sparken,1930-06-16,French,2024-10-07T11:40:52.885Z,Ergast,2021-04-18
663,wharton,null,\N,Ken Wharton,1916-03-21,British,2024-10-07T11:40:52.885Z,Ergast,2021-04-18
664,mcalpine,null,\N,Kenneth McAlpine,1920-09-21,British,2024-10-07T11:40:52.885Z,Ergast,2021-04-18
665,marr,null,\N,Leslie Marr,1922-08-14,British,2024-10-07T11:40:52.885Z,Ergast,2021-04-18
666,rolt,null,\N,Tony Rolt,1918-10-16,British,2024-10-07T11:40:52.885Z,Ergast,2021-04-18
667,fitch,null,\N,John Fitch,1917-08-04,American,2024-10-07T11:40:52.885Z,Ergast,2021-04-18
668,lucas,null,\N,Jean Lucas,1917-04-25,French,2024-10-07T11:40:52.885Z,Ergast,2021-04-18
669,bira,null,\N,Prince Bira,1914-07-15,Thai,2024-10-07T11:40:52.885Z,Ergast,2021-04-18
670,marimon,null,\N,Onofre Marimón,1923-12-19,Argentine,2024-10-07T11:40:52.885Z,Ergast,2021-04-18
671,loyer,null,\N,Roger Loyer,1907-08-05,French,2024-10-07T11:40:52.885Z,Ergast,2021-04-18
672,daponte,null,\N,Jorge Daponte,1923-06-05,Argentine,2024-10-07T11:40:52.885Z,Ergast,2021-04-18
673,nazaruk,null,\N,Mike Nazaruk,1921-10-02,American,2024-10-07T11:40:52.885Z,Ergast,2021-04-18
674,crockett,null,\N,Larry Crockett,1926-10-23,American,2024-10-07T11:40:52.885Z,Ergast,2021-04-18
675,ayulo,null,\N,Manny Ayulo,1921-10-20,American,2024-10-07T11:40:52.885Z,Ergast,2021-04-18
676,armi,null,\N,Frank Armi,1918-10-12,American,2024-10-07T11:40:52.885Z,Ergast,2021-04-18
677,webb,null,\N,Travis Webb,1910-10-08,American,2024-10-07T11:40:52.885Z,Ergast,2021-04-18
678,duncan,null,\N,Len Duncan,1911-07-25,American,2024-10-07T11:40:52.885Z,Ergast,2021-04-18
679,mccoy,null,\N,Ernie McCoy,1921-02-19,American,2024-10-07T11:40:52.885Z,Ergast,2021-04-18
680,swaters,null,\N,Jacques Swaters,1926-10-30,American,2024-10-07T11:40:52.885Z,Ergast,2021-04-18
681,georges_berger,null,\N,Georges Berger,1918-09-14,Belgian,2024-10-07T11:40:52.885Z,Ergast,2021-04-18
682,beauman,null,\N,Don Beauman,1928-07-26,British,2024-10-07T11:40:52.885Z,Ergast,2021-04-18
683,thorne,null,\N,Leslie Thorne,1916-06-23,British,2024-10-07T11:40:52.885Z,Ergast,2021-04-18
684,whitehouse,null,\N,Bill Whitehouse,1909-04-01,British,2024-10-07T11:40:52.885Z,Ergast,2021-04-18
685,riseley_prichard,null,\N,John Riseley-Prichard,1924-01-17,British,2024-10-07T11:40:52.885Z,Ergast,2021-04-18
686,reg_parnell,null,\N,Reg Parnell,1911-07-02,British,2024-10-07T11:40:52.885Z,Ergast,2021-04-18
687,whitehead,null,\N,Peter Whitehead,1914-11-12,British,2024-10-07T11:40:52.885Z,Ergast,2021-04-18
688,brandon,null,\N,Eric Brandon,1920-07-18,British,2024-10-07T11:40:52.885Z,Ergast,2021-04-18
689,alan_brown,null,\N,Alan Brown,1919-11-20,British,2024-10-07T11:40:52.885Z,Ergast,2021-04-18
690,nuckey,null,\N,Rodney Nuckey,1929-06-26,British,2024-10-07T11:40:52.885Z,Ergast,2021-04-18
691,lang,null,\N,Hermann Lang,1909-04-06,German,2024-10-07T11:40:52.885Z,Ergast,2021-04-18
692,helfrich,null,\N,Theo Helfrich,1913-05-13,German,2024-10-07T11:40:52.885Z,Ergast,2021-04-18
693,wacker,null,\N,Fred Wacker,1918-07-10,American,2024-10-07T11:40:52.885Z,Ergast,2021-04-18
694,riu,null,\N,Giovanni de Riu,1925-03-10,Italian,2024-10-07T11:40:52.885Z,Ergast,2021-04-18
695,galvez,null,\N,Oscar Gálvez,1913-08-17,Argentine,2024-10-07T11:40:52.885Z,Ergast,2021-04-18
696,john_barber,null,\N,John Barber,1929-07-22,British,2024-10-07T11:40:52.885Z,Ergast,2021-04-18
697,bonetto,null,\N,Felice Bonetto,1903-06-09,Italian,2024-10-07T11:40:52.885Z,Ergast,2021-04-18
698,cruz,null,\N,Adolfo Cruz,1923-06-28,Argentine,2024-10-07T11:40:52.885Z,Ergast,2021-04-18
699,nalon,null,\N,Duke Nalon,1913-03-02,American,2024-10-07T11:40:52.885Z,Ergast,2021-04-18
700,scarborough,null,\N,Carl Scarborough,1914-07-03,American,2024-10-07T11:40:52.885Z,Ergast,2021-04-18
701,holland,null,\N,Bill Holland,1907-12-18,American,2024-10-07T11:40:52.885Z,Ergast,2021-04-18
702,bob_scott,null,\N,Bob Scott,1928-10-04,American,2024-10-07T11:40:52.885Z,Ergast,2021-04-18
703,legat,null,\N,Arthur Legat,1898-11-01,Belgian,2024-10-07T11:40:52.885Z,Ergast,2021-04-18
704,cabantous,null,\N,Yves Cabantous,1904-10-08,French,2024-10-07T11:40:52.885Z,Ergast,2021-04-18
705,crook,null,\N,Tony Crook,1920-02-16,British,2024-10-07T11:40:52.885Z,Ergast,2021-04-18
706,jimmy_stewart,null,\N,Jimmy Stewart,1931-03-06,British,2024-10-07T11:40:52.885Z,Ergast,2021-04-18
707,ian_stewart,null,\N,Ian Stewart,1929-07-15,British,2024-10-07T11:40:52.885Z,Ergast,2021-04-18
708,duncan_hamilton,null,\N,Duncan Hamilton,1920-04-30,British,2024-10-07T11:40:52.885Z,Ergast,2021-04-18
709,klodwig,null,\N,Ernst Klodwig,1903-05-23,East German,2024-10-07T11:40:52.885Z,Ergast,2021-04-18
710,krause,null,\N,Rudolf Krause,1907-03-30,East German,2024-10-07T11:40:52.885Z,Ergast,2021-04-18
711,karch,null,\N,Oswald Karch,1917-03-06,German,2024-10-07T11:40:52.885Z,Ergast,2021-04-18
712,heeks,null,\N,Willi Heeks,1922-02-13,German,2024-10-07T11:40:52.885Z,Ergast,2021-04-18
713,fitzau,null,\N,Theo Fitzau,1923-02-10,East German,2024-10-07T11:40:52.885Z,Ergast,2021-04-18
714,adolff,null,\N,Kurt Adolff,1921-11-05,German,2024-10-07T11:40:52.885Z,Ergast,2021-04-18
715,bechem,null,\N,Günther Bechem,1921-12-21,German,2024-10-07T11:40:52.885Z,Ergast,2021-04-18
716,bauer,null,\N,Erwin Bauer,1912-07-17,German,2024-10-07T11:40:52.885Z,Ergast,2021-04-18
717,hans_stuck,null,\N,Hans von Stuck,1900-12-27,German,2024-10-07T11:40:52.885Z,Ergast,2021-04-18
718,loof,null,\N,Ernst Loof,1907-07-04,German,2024-10-07T11:40:52.885Z,Ergast,2021-04-18
719,scherrer,null,\N,Albert Scherrer,1908-02-28,Swiss,2024-10-07T11:40:52.885Z,Ergast,2021-04-18
720,terra,null,\N,Max de Terra,1918-10-06,Swiss,2024-10-07T11:40:52.885Z,Ergast,2021-04-18
721,hirt,null,\N,Peter Hirt,1910-03-30,Swiss,2024-10-07T11:40:52.885Z,Ergast,2021-04-18
722,carini,null,\N,Piero Carini,1921-03-06,Italian,2024-10-07T11:40:52.885Z,Ergast,2021-04-18
723,fischer,null,\N,Rudi Fischer,1912-04-19,Swiss,2024-10-07T11:40:52.885Z,Ergast,2021-04-18
724,ulmen,null,\N,Toni Ulmen,1906-01-25,German,2024-10-07T11:40:52.885Z,Ergast,2021-04-18
725,abecassis,null,\N,George Abecassis,1913-03-21,British,2024-10-07T11:40:52.885Z,Ergast,2021-04-18
726,george_connor,null,\N,George Connor,1906-08-16,American,2024-10-07T11:40:52.885Z,Ergast,2021-04-18
727,rigsby,null,\N,Jim Rigsby,1923-06-06,American,2024-10-07T11:40:52.885Z,Ergast,2021-04-18
728,james,null,\N,Joe James,1925-05-23,American,2024-10-07T11:40:52.885Z,Ergast,2021-04-18
729,schindler,null,\N,Bill Schindler,1909-03-06,American,2024-10-07T11:40:52.885Z,Ergast,2021-04-18
730,fonder,null,\N,George Fonder,1917-06-22,American,2024-10-07T11:40:52.885Z,Ergast,2021-04-18
731,banks,null,\N,Henry Banks,1913-06-14,American,2024-10-07T11:40:52.885Z,Ergast,2021-04-18
732,mcdowell,null,\N,Johnny McDowell,1915-01-29,American,2024-10-07T11:40:52.885Z,Ergast,2021-04-18
733,miller,null,\N,Chet Miller,1902-07-19,American,2024-10-07T11:40:52.885Z,Ergast,2021-04-18
734,ball,null,\N,Bobby Ball,1925-08-26,American,2024-10-07T11:40:52.885Z,Ergast,2021-04-18
735,tornaco,null,\N,Charles de Tornaco,1927-06-07,Belgian,2024-10-07T11:40:52.885Z,Ergast,2021-04-18
736,laurent,null,\N,Roger Laurent,1913-02-21,Belgian,2024-10-07T11:40:52.885Z,Ergast,2021-04-18
737,obrien,null,\N,Robert O'Brien,1908-04-11,American,2024-10-07T11:40:52.885Z,Ergast,2021-04-18
738,gaze,null,\N,Tony Gaze,1920-02-03,Australian,2024-10-07T11:40:52.885Z,Ergast,2021-04-18
739,charrington,null,\N,Robin Montgomerie-Charrington,1915-06-23,British,2024-10-07T11:40:52.885Z,Ergast,2021-04-18
740,comotti,null,\N,Franco Comotti,1906-07-24,Italian,2024-10-07T11:40:52.885Z,Ergast,2021-04-18
741,etancelin,null,\N,Philippe Étancelin,1896-12-28,French,2024-10-07T11:40:52.885Z,Ergast,2021-04-18
742,poore,null,\N,Dennis Poore,1916-08-19,British,2024-10-07T11:40:52.885Z,Ergast,2021-04-18
743,thompson,null,\N,Eric Thompson,1919-11-04,British,2024-10-07T11:40:52.885Z,Ergast,2021-04-18
744,downing,null,\N,Ken Downing,1917-12-05,British,2024-10-07T11:40:52.885Z,Ergast,2021-04-18
745,graham_whitehead,null,\N,Graham Whitehead,1922-04-15,British,2024-10-07T11:40:52.885Z,Ergast,2021-04-18
746,bianco,null,\N,Gino Bianco,1916-07-22,Brazilian,2024-10-07T11:40:52.885Z,Ergast,2021-04-18
747,murray,null,\N,David Murray,1909-12-28,British,2024-10-07T11:40:52.885Z,Ergast,2021-04-18
748,cantoni,null,\N,Eitel Cantoni,1906-10-04,Uruguayan,2024-10-07T11:40:52.885Z,Ergast,2021-04-18
749,aston,null,\N,Bill Aston,1900-03-29,British,2024-10-07T11:40:52.885Z,Ergast,2021-04-18
750,brudes,null,\N,Adolf Brudes,1899-10-15,German,2024-10-07T11:40:52.885Z,Ergast,2021-04-18
751,riess,null,\N,Fritz Riess,1922-07-11,German,2024-10-07T11:40:52.885Z,Ergast,2021-04-18
752,niedermayr,null,\N,Helmut Niedermayr,1915-11-29,German,2024-10-07T11:40:52.885Z,Ergast,2021-04-18
753,klenk,null,\N,Hans Klenk,1919-10-28,German,2024-10-07T11:40:52.885Z,Ergast,2021-04-18
754,balsa,null,\N,Marcel Balsa,1909-01-01,French,2024-10-07T11:40:52.885Z,Ergast,2021-04-18
755,schoeller,null,\N,Rudolf Schoeller,1902-04-27,Swiss,2024-10-07T11:40:52.885Z,Ergast,2021-04-18
756,pietsch,null,\N,Paul Pietsch,1911-06-20,German,2024-10-07T11:40:52.885Z,Ergast,2021-04-18
757,peters,null,\N,Josef Peters,1914-09-16,German,2024-10-07T11:40:52.885Z,Ergast,2021-04-18
758,lof,null,\N,Dries van der Lof,1919-08-23,Dutch,2024-10-07T11:40:52.885Z,Ergast,2021-04-18
759,flinterman,null,\N,Jan Flinterman,1919-10-02,Dutch,2024-10-07T11:40:52.885Z,Ergast,2021-04-18
760,dusio,null,\N,Piero Dusio,1899-10-13,Italian,2024-10-07T11:40:52.885Z,Ergast,2021-04-18
761,crespo,null,\N,Alberto Crespo,1920-01-16,Argentine,2024-10-07T11:40:52.885Z,Ergast,2021-04-18
762,rol,null,\N,Franco Rol,1908-06-05,Italian,2024-10-07T11:40:52.885Z,Ergast,2021-04-18
763,sanesi,null,\N,Consalvo Sanesi,1911-03-28,Italian,2024-10-07T11:40:52.885Z,Ergast,2021-04-18
764,guy_mairesse,null,\N,Guy Mairesse,1910-08-10,French,2024-10-07T11:40:52.885Z,Ergast,2021-04-18
765,louveau,null,\N,Henri Louveau,1910-01-25,French,2024-10-07T11:40:52.885Z,Ergast,2021-04-18
766,wallard,null,\N,Lee Wallard,1910-09-07,American,2024-10-07T11:40:52.885Z,Ergast,2021-04-18
767,forberg,null,\N,Carl Forberg,1911-03-04,American,2024-10-07T11:40:52.885Z,Ergast,2021-04-18
768,rose,null,\N,Mauri Rose,1906-05-26,American,2024-10-07T11:40:52.885Z,Ergast,2021-04-18
769,mackey,null,\N,Bill Mackey,1927-12-15,American,2024-10-07T11:40:52.885Z,Ergast,2021-04-18
770,green,null,\N,Cecil Green,1919-09-30,American,2024-10-07T11:40:52.885Z,Ergast,2021-04-18
771,walt_brown,null,\N,Walt Brown,1911-12-30,American,2024-10-07T11:40:52.885Z,Ergast,2021-04-18
772,hellings,null,\N,Mack Hellings,1915-09-14,American,2024-10-07T11:40:52.885Z,Ergast,2021-04-18
773,levegh,null,\N,Pierre Levegh,1905-12-22,French,2024-10-07T11:40:52.885Z,Ergast,2021-04-18
774,chaboud,null,\N,Eugène Chaboud,1907-04-12,French,2024-10-07T11:40:52.885Z,Ergast,2021-04-18
775,gordini,null,\N,Aldo Gordini,1921-05-20,French,2024-10-07T11:40:52.885Z,Ergast,2021-04-18
776,kelly,null,\N,Joe Kelly,1913-03-13,Irish,2024-10-07T11:40:52.885Z,Ergast,2021-04-18
777,parker,null,\N,Philip Fotheringham-Parker,1907-09-22,British,2024-10-07T11:40:52.885Z,Ergast,2021-04-18
778,shawe_taylor,null,\N,Brian Shawe Taylor,1915-01-28,British,2024-10-07T11:40:52.885Z,Ergast,2021-04-18
779,john_james,null,\N,John James,1914-05-10,British,2024-10-07T11:40:52.885Z,Ergast,2021-04-18
780,branca,null,\N,Toni Branca,1916-09-15,Swiss,2024-10-07T11:40:52.885Z,Ergast,2021-04-18
781,richardson,null,\N,Ken Richardson,1911-08-21,British,2024-10-07T11:40:52.885Z,Ergast,2021-04-18
782,jover,null,\N,Juan Jover,1903-11-23,Spanish,2024-10-07T11:40:52.885Z,Ergast,2021-04-18
783,grignard,null,\N,Georges Grignard,1905-07-25,French,2024-10-07T11:40:52.885Z,Ergast,2021-04-18
784,hampshire,null,\N,David Hampshire,1917-12-29,British,2024-10-07T11:40:52.885Z,Ergast,2021-04-18
785,crossley,null,\N,Geoff Crossley,1921-05-11,British,2024-10-07T11:40:52.885Z,Ergast,2021-04-18
786,fagioli,null,\N,Luigi Fagioli,1898-06-09,Italian,2024-10-07T11:40:52.885Z,Ergast,2021-04-18
787,harrison,null,\N,Cuth Harrison,1906-07-06,British,2024-10-07T11:40:52.885Z,Ergast,2021-04-18
788,fry,null,\N,Joe Fry,1915-10-26,British,2024-10-07T11:40:52.885Z,Ergast,2021-04-18
789,martin,null,\N,Eugène Martin,1915-03-24,French,2024-10-07T11:40:52.885Z,Ergast,2021-04-18
790,leslie_johnson,null,\N,Leslie Johnson,1912-03-22,British,2024-10-07T11:40:52.885Z,Ergast,2021-04-18
791,biondetti,null,\N,Clemente Biondetti,1898-08-18,Italian,2024-10-07T11:40:52.885Z,Ergast,2021-04-18
792,pian,null,\N,Alfredo Pián,1912-10-21,Argentine,2024-10-07T11:40:52.885Z,Ergast,2021-04-18
793,sommer,null,\N,Raymond Sommer,1906-08-31,French,2024-10-07T11:40:52.885Z,Ergast,2021-04-18
794,chitwood,null,\N,Joie Chitwood,1912-04-14,American,2024-10-07T11:40:52.885Z,Ergast,2021-04-18
795,fohr,null,\N,Myron Fohr,1912-06-17,American,2024-10-07T11:40:52.885Z,Ergast,2021-04-18
796,ader,null,\N,Walt Ader,1913-12-15,American,2024-10-07T11:40:52.885Z,Ergast,2021-04-18
797,holmes,null,\N,Jackie Holmes,1920-09-04,American,2024-10-07T11:40:52.885Z,Ergast,2021-04-18
798,levrett,null,\N,Bayliss Levrett,1914-02-14,American,2024-10-07T11:40:52.885Z,Ergast,2021-04-18
799,jackson,null,\N,Jimmy Jackson,1910-07-25,American,2024-10-07T11:40:52.885Z,Ergast,2021-04-18
800,pagani,null,\N,Nello Pagani,1911-10-11,Italian,2024-10-07T11:40:52.885Z,Ergast,2021-04-18
801,pozzi,null,\N,Charles Pozzi,1909-08-27,French,2024-10-07T11:40:52.885Z,Ergast,2021-04-18
802,serafini,null,\N,Dorino Serafini,1909-07-22,Italian,2024-10-07T11:40:52.885Z,Ergast,2021-04-18
803,cantrell,null,\N,Bill Cantrell,1908-01-31,American,2024-10-07T11:40:52.885Z,Ergast,2021-04-18
804,mantz,null,\N,Johnny Mantz,1918-09-18,American,2024-10-07T11:40:52.885Z,Ergast,2021-04-18
805,kladis,null,\N,Danny Kladis,1917-02-10,American,2024-10-07T11:40:52.885Z,Ergast,2021-04-18
806,oscar_gonzalez,null,\N,Óscar González,1923-11-10,Uruguayan,2024-10-07T11:40:52.885Z,Ergast,2021-04-18
807,hulkenberg,27,HUL,Nico Hülkenberg,1987-08-19,German,2024-10-07T11:40:52.885Z,Ergast,2021-04-18
808,petrov,null,PET,Vitaly Petrov,1984-09-08,Russian,2024-10-07T11:40:52.885Z,Ergast,2021-04-18
810,grassi,null,DIG,Lucas di Grassi,1984-08-11,Brazilian,2024-10-07T11:40:52.885Z,Ergast,2021-04-18
811,bruno_senna,null,SEN,Bruno Senna,1983-10-15,Brazilian,2024-10-07T11:40:52.885Z,Ergast,2021-04-18
812,chandhok,null,CHA,Karun Chandhok,1984-01-19,Indian,2024-10-07T11:40:52.885Z,Ergast,2021-04-18
813,maldonado,13,MAL,Pastor Maldonado,1985-03-09,Venezuelan,2024-10-07T11:40:52.885Z,Ergast,2021-04-18
814,resta,null,DIR,Paul di Resta,1986-04-16,British,2024-10-07T11:40:52.885Z,Ergast,2021-04-18
815,perez,11,PER,Sergio Pérez,1990-01-26,Mexican,2024-10-07T11:40:52.885Z,Ergast,2021-04-18
816,ambrosio,null,DAM,Jérôme d'Ambrosio,1985-12-27,Belgian,2024-10-07T11:40:52.885Z,Ergast,2021-04-18
817,ricciardo,3,RIC,Daniel Ricciardo,1989-07-01,Australian,2024-10-07T11:40:52.885Z,Ergast,2021-04-18
818,vergne,25,VER,Jean-Éric Vergne,1990-04-25,French,2024-10-07T11:40:52.885Z,Ergast,2021-04-18
819,pic,null,PIC,Charles Pic,1990-02-15,French,2024-10-07T11:40:52.885Z,Ergast,2021-04-18
820,chilton,4,CHI,Max Chilton,1991-04-21,British,2024-10-07T11:40:52.885Z,Ergast,2021-04-18
821,gutierrez,21,GUT,Esteban Gutiérrez,1991-08-05,Mexican,2024-10-07T11:40:52.885Z,Ergast,2021-04-18
822,bottas,77,BOT,Valtteri Bottas,1989-08-28,Finnish,2024-10-07T11:40:52.885Z,Ergast,2021-04-18
823,garde,null,VDG,Giedo van der Garde,1985-04-25,Dutch,2024-10-07T11:40:52.885Z,Ergast,2021-04-18
824,jules_bianchi,17,BIA,Jules Bianchi,1989-08-03,French,2024-10-07T11:40:52.885Z,Ergast,2021-04-18
825,kevin_magnussen,20,MAG,Kevin Magnussen,1992-10-05,Danish,2024-10-07T11:40:52.885Z,Ergast,2021-04-18
826,kvyat,26,KVY,Daniil Kvyat,1994-04-26,Russian,2024-10-07T11:40:52.885Z,Ergast,2021-04-18
827,lotterer,45,LOT,André Lotterer,1981-11-19,German,2024-10-07T11:40:52.885Z,Ergast,2021-04-18
828,ericsson,9,ERI,Marcus Ericsson,1990-09-02,Swedish,2024-10-07T11:40:52.885Z,Ergast,2021-04-18
829,stevens,28,STE,Will Stevens,1991-06-28,British,2024-10-07T11:40:52.885Z,Ergast,2021-04-18
830,max_verstappen,33,VER,Max Verstappen,1997-09-30,Dutch,2024-10-07T11:40:52.885Z,Ergast,2021-04-18
831,nasr,12,NAS,Felipe Nasr,1992-08-21,Brazilian,2024-10-07T11:40:52.885Z,Ergast,2021-04-18
832,sainz,55,SAI,Carlos Sainz,1994-09-01,Spanish,2024-10-07T11:40:52.885Z,Ergast,2021-04-18
833,merhi,98,MER,Roberto Merhi,1991-03-22,Spanish,2024-10-07T11:40:52.885Z,Ergast,2021-04-18
834,rossi,53,RSS,Alexander Rossi,1991-09-25,American,2024-10-07T11:40:52.885Z,Ergast,2021-04-18
835,jolyon_palmer,30,PAL,Jolyon Palmer,1991-01-20,British,2024-10-07T11:40:52.885Z,Ergast,2021-04-18
836,wehrlein,94,WEH,Pascal Wehrlein,1994-10-18,German,2024-10-07T11:40:52.885Z,Ergast,2021-04-18
837,haryanto,88,HAR,Rio Haryanto,1993-01-22,Indonesian,2024-10-07T11:40:52.885Z,Ergast,2021-04-18
838,vandoorne,2,VAN,Stoffel Vandoorne,1992-03-26,Belgian,2024-10-07T11:40:52.885Z,Ergast,2021-04-18
839,ocon,31,OCO,Esteban Ocon,1996-09-17,French,2024-10-07T11:40:52.885Z,Ergast,2021-04-18
840,stroll,18,STR,Lance Stroll,1998-10-29,Canadian,2024-10-07T11:40:52.885Z,Ergast,2021-04-18
841,giovinazzi,99,GIO,Antonio Giovinazzi,1993-12-14,Italian,2024-10-07T11:40:52.885Z,Ergast,2021-04-18
843,brendon_hartley,28,HAR,Brendon Hartley,1989-11-10,New Zealander,2024-10-07T11:40:52.885Z,Ergast,2021-04-18
844,leclerc,16,LEC,Charles Leclerc,1997-10-16,Monegasque,2024-10-07T11:40:52.885Z,Ergast,2021-04-18
845,sirotkin,35,SIR,Sergey Sirotkin,1995-08-27,Russian,2024-10-07T11:40:52.885Z,Ergast,2021-04-18
846,norris,4,NOR,Lando Norris,1999-11-13,British,2024-10-07T11:40:52.885Z,Ergast,2021-04-18
847,russell,63,RUS,George Russell,1998-02-15,British,2024-10-07T11:40:52.885Z,Ergast,2021-04-18
848,albon,23,ALB,Alexander Albon,1996-03-23,Thai,2024-10-07T11:40:52.885Z,Ergast,2021-04-18
849,latifi,6,LAT,Nicholas Latifi,1995-06-29,Canadian,2024-10-07T11:40:52.885Z,Ergast,2021-04-18
850,pietro_fittipaldi,51,FIT,Pietro Fittipaldi,1996-06-25,Brazilian,2024-10-07T11:40:52.885Z,Ergast,2021-04-18
851,aitken,89,AIT,Jack Aitken,1995-09-23,British,2024-10-07T11:40:52.885Z,Ergast,2021-04-18
852,tsunoda,null,TSU,Yuki Tsunoda,2000-05-11,Japanese,2024-10-07T11:40:52.885Z,Ergast,2021-04-18
853,mazepin,null,MAZ,Nikita Mazepin,1999-03-02,Russian,2024-10-07T11:40:52.885Z,Ergast,2021-04-18
854,mick_schumacher,null,SCH,Mick Schumacher,1999-03-22,German,2024-10-07T11:40:52.885Z,Ergast,2021-04-18
